num.trans.involved.in,sample,peak
33,Sample_S19S_0023_Wat,201.0404313
30,Sample_S19S_0023_Wat,201.0768122
22,Sample_S19S_0023_Wat,201.1131969
33,Sample_S19S_0023_Wat,205.0142188
26,Sample_S19S_0023_Wat,205.0505947
43,Sample_S19S_0023_Wat,207.0298709
39,Sample_S19S_0023_Wat,207.066249
18,Sample_S19S_0023_Wat,209.0091207
38,Sample_S19S_0023_Wat,209.0455114
34,Sample_S19S_0023_Wat,209.0818981
56,Sample_S19S_0023_Wat,211.0247874
56,Sample_S19S_0023_Wat,211.0611736
31,Sample_S19S_0023_Wat,211.097555
20,Sample_S19S_0023_Wat,212.0564229
32,Sample_S19S_0023_Wat,213.0404285
45,Sample_S19S_0023_Wat,213.0768216
18,Sample_S19S_0023_Wat,214.0720739
36,Sample_S19S_0023_Wat,215.0560786
38,Sample_S19S_0023_Wat,215.0924726
18,Sample_S19S_0023_Wat,215.1288446
43,Sample_S19S_0023_Wat,217.0717431
32,Sample_S19S_0023_Wat,217.1081169
49,Sample_S19S_0023_Wat,219.0298823
14,Sample_S19S_0023_Wat,219.0662407
24,Sample_S19S_0023_Wat,221.0091259
43,Sample_S19S_0023_Wat,221.0455191
21,Sample_S19S_0023_Wat,221.0818912
3,Sample_S19S_0023_Wat,221.1546776
5,Sample_S19S_0023_Wat,222.0407486
11,Sample_S19S_0023_Wat,222.0771399
55,Sample_S19S_0023_Wat,223.0247931
20,Sample_S19S_0023_Wat,223.0611523
44,Sample_S19S_0023_Wat,223.0975605
29,Sample_S19S_0023_Wat,224.0564233
14,Sample_S19S_0023_Wat,225.0040321
84,Sample_S19S_0023_Wat,225.0404494
53,Sample_S19S_0023_Wat,225.0768195
12,Sample_S19S_0023_Wat,225.1131873
33,Sample_S19S_0023_Wat,226.072077
24,Sample_S19S_0023_Wat,227.0196895
40,Sample_S19S_0023_Wat,227.056079
45,Sample_S19S_0023_Wat,227.092466
27,Sample_S19S_0023_Wat,227.1288722
46,Sample_S19S_0023_Wat,229.0353497
48,Sample_S19S_0023_Wat,229.0717413
31,Sample_S19S_0023_Wat,229.1081151
18,Sample_S19S_0023_Wat,229.14452
42,Sample_S19S_0023_Wat,231.0298777
44,Sample_S19S_0023_Wat,231.051012
29,Sample_S19S_0023_Wat,231.0662593
42,Sample_S19S_0023_Wat,231.0873835
43,Sample_S19S_0023_Wat,233.0091463
47,Sample_S19S_0023_Wat,233.0455307
40,Sample_S19S_0023_Wat,233.0819208
11,Sample_S19S_0023_Wat,233.1546845
5,Sample_S19S_0023_Wat,234.0407445
51,Sample_S19S_0023_Wat,235.0247912
62,Sample_S19S_0023_Wat,235.0611873
39,Sample_S19S_0023_Wat,235.0975749
46,Sample_S19S_0023_Wat,236.0564412
40,Sample_S19S_0023_Wat,237.0040579
55,Sample_S19S_0023_Wat,237.0404421
66,Sample_S19S_0023_Wat,237.0768351
41,Sample_S19S_0023_Wat,237.1132227
13,Sample_S19S_0023_Wat,238.0356696
26,Sample_S19S_0023_Wat,238.0720655
1,Sample_S19S_0023_Wat,238.9629644
70,Sample_S19S_0023_Wat,239.0197221
95,Sample_S19S_0023_Wat,239.0561117
10,Sample_S19S_0023_Wat,239.0673352
89,Sample_S19S_0023_Wat,239.092497
43,Sample_S19S_0023_Wat,239.1288753
35,Sample_S19S_0023_Wat,240.0513448
38,Sample_S19S_0023_Wat,240.0877319
6,Sample_S19S_0023_Wat,241.0176131
81,Sample_S19S_0023_Wat,241.03537
56,Sample_S19S_0023_Wat,241.0717422
29,Sample_S19S_0023_Wat,241.1081087
22,Sample_S19S_0023_Wat,241.1445007
49,Sample_S19S_0023_Wat,242.0670034
14,Sample_S19S_0023_Wat,242.139775
81,Sample_S19S_0023_Wat,243.0510224
44,Sample_S19S_0023_Wat,243.0873816
18,Sample_S19S_0023_Wat,243.1237626
74,Sample_S19S_0023_Wat,245.0455587
12,Sample_S19S_0023_Wat,245.0489119
86,Sample_S19S_0023_Wat,245.0666847
66,Sample_S19S_0023_Wat,245.1030642
23,Sample_S19S_0023_Wat,246.0771588
47,Sample_S19S_0023_Wat,247.024801
11,Sample_S19S_0023_Wat,247.0281631
72,Sample_S19S_0023_Wat,247.0612011
70,Sample_S19S_0023_Wat,247.0823368
70,Sample_S19S_0023_Wat,247.0975945
46,Sample_S19S_0023_Wat,249.0040636
86,Sample_S19S_0023_Wat,249.0404675
86,Sample_S19S_0023_Wat,249.0768527
37,Sample_S19S_0023_Wat,249.1132224
52,Sample_S19S_0023_Wat,250.07209
84,Sample_S19S_0023_Wat,251.0197332
80,Sample_S19S_0023_Wat,251.0560986
107,Sample_S19S_0023_Wat,251.0925063
44,Sample_S19S_0023_Wat,251.1289035
46,Sample_S19S_0023_Wat,252.0513612
46,Sample_S19S_0023_Wat,252.0877348
108,Sample_S19S_0023_Wat,253.0353983
123,Sample_S19S_0023_Wat,253.0717756
46,Sample_S19S_0023_Wat,253.1081345
43,Sample_S19S_0023_Wat,253.1445337
38,Sample_S19S_0023_Wat,254.0670222
40,Sample_S19S_0023_Wat,254.1033853
62,Sample_S19S_0023_Wat,255.0146298
110,Sample_S19S_0023_Wat,255.0510433
114,Sample_S19S_0023_Wat,255.0874163
41,Sample_S19S_0023_Wat,255.1237776
43,Sample_S19S_0023_Wat,256.0826837
23,Sample_S19S_0023_Wat,257.012566
87,Sample_S19S_0023_Wat,257.030304
58,Sample_S19S_0023_Wat,257.0455598
103,Sample_S19S_0023_Wat,257.0666765
66,Sample_S19S_0023_Wat,257.1030521
46,Sample_S19S_0023_Wat,257.1394516
47,Sample_S19S_0023_Wat,258.0619166
54,Sample_S19S_0023_Wat,259.0248281
24,Sample_S19S_0023_Wat,259.0282061
90,Sample_S19S_0023_Wat,259.0459547
66,Sample_S19S_0023_Wat,259.0612028
90,Sample_S19S_0023_Wat,259.0823405
61,Sample_S19S_0023_Wat,259.1187072
17,Sample_S19S_0023_Wat,260.0564172
44,Sample_S19S_0023_Wat,261.0040785
67,Sample_S19S_0023_Wat,261.040468
23,Sample_S19S_0023_Wat,261.04386
66,Sample_S19S_0023_Wat,261.061588
88,Sample_S19S_0023_Wat,261.0768598
49,Sample_S19S_0023_Wat,261.0980071
58,Sample_S19S_0023_Wat,261.1132477
30,Sample_S19S_0023_Wat,262.0357323
40,Sample_S19S_0023_Wat,262.0721008
51,Sample_S19S_0023_Wat,263.019721
90,Sample_S19S_0023_Wat,263.0561329
50,Sample_S19S_0023_Wat,263.0924815
41,Sample_S19S_0023_Wat,263.128908
50,Sample_S19S_0023_Wat,264.0513612
43,Sample_S19S_0023_Wat,264.087752
60,Sample_S19S_0023_Wat,264.9989861
95,Sample_S19S_0023_Wat,265.0353938
92,Sample_S19S_0023_Wat,265.0717855
93,Sample_S19S_0023_Wat,265.1081545
33,Sample_S19S_0023_Wat,265.1445692
1,Sample_S19S_0023_Wat,265.1479151
43,Sample_S19S_0023_Wat,266.0306266
60,Sample_S19S_0023_Wat,266.0670361
37,Sample_S19S_0023_Wat,266.1034196
1,Sample_S19S_0023_Wat,266.9942715
78,Sample_S19S_0023_Wat,267.0146829
124,Sample_S19S_0023_Wat,267.0510336
107,Sample_S19S_0023_Wat,267.0874299
82,Sample_S19S_0023_Wat,267.123805
36,Sample_S19S_0023_Wat,267.1601848
60,Sample_S19S_0023_Wat,268.0462977
57,Sample_S19S_0023_Wat,268.08266
28,Sample_S19S_0023_Wat,269.01256
85,Sample_S19S_0023_Wat,269.0303205
124,Sample_S19S_0023_Wat,269.0666802
18,Sample_S19S_0023_Wat,269.0779259
99,Sample_S19S_0023_Wat,269.1030627
50,Sample_S19S_0023_Wat,269.1394657
53,Sample_S19S_0023_Wat,270.0619439
52,Sample_S19S_0023_Wat,270.0983057
26,Sample_S19S_0023_Wat,271.0281864
89,Sample_S19S_0023_Wat,271.0459737
29,Sample_S19S_0023_Wat,271.061176
99,Sample_S19S_0023_Wat,271.0823212
82,Sample_S19S_0023_Wat,271.118718
22,Sample_S19S_0023_Wat,271.1551343
48,Sample_S19S_0023_Wat,272.0775888
24,Sample_S19S_0023_Wat,273.0074568
67,Sample_S19S_0023_Wat,273.0252099
63,Sample_S19S_0023_Wat,273.040478
35,Sample_S19S_0023_Wat,273.0438577
81,Sample_S19S_0023_Wat,273.061591
79,Sample_S19S_0023_Wat,273.0768603
83,Sample_S19S_0023_Wat,273.0979879
32,Sample_S19S_0023_Wat,273.1343844
38,Sample_S19S_0023_Wat,274.0357454
35,Sample_S19S_0023_Wat,274.0932637
68,Sample_S19S_0023_Wat,275.0197425
30,Sample_S19S_0023_Wat,275.0231068
69,Sample_S19S_0023_Wat,275.0408652
75,Sample_S19S_0023_Wat,275.0561155
31,Sample_S19S_0023_Wat,275.0594984
82,Sample_S19S_0023_Wat,275.0772487
78,Sample_S19S_0023_Wat,275.0925149
65,Sample_S19S_0023_Wat,275.1136274
41,Sample_S19S_0023_Wat,276.0513913
100,Sample_S19S_0023_Wat,277.0354157
93,Sample_S19S_0023_Wat,277.0717892
22,Sample_S19S_0023_Wat,277.0830242
82,Sample_S19S_0023_Wat,277.1081544
51,Sample_S19S_0023_Wat,277.1445377
37,Sample_S19S_0023_Wat,278.0306345
48,Sample_S19S_0023_Wat,278.0670289
42,Sample_S19S_0023_Wat,278.1034322
49,Sample_S19S_0023_Wat,279.0146331
99,Sample_S19S_0023_Wat,279.0510516
20,Sample_S19S_0023_Wat,279.0622836
65,Sample_S19S_0023_Wat,279.0874539
60,Sample_S19S_0023_Wat,279.1238221
40,Sample_S19S_0023_Wat,279.160186
57,Sample_S19S_0023_Wat,280.0463018
63,Sample_S19S_0023_Wat,280.0826921
20,Sample_S19S_0023_Wat,281.0125726
93,Sample_S19S_0023_Wat,281.0303339
127,Sample_S19S_0023_Wat,281.0666829
72,Sample_S19S_0023_Wat,281.1030502
67,Sample_S19S_0023_Wat,281.1394597
46,Sample_S19S_0023_Wat,282.0983548
73,Sample_S19S_0023_Wat,283.0095898
23,Sample_S19S_0023_Wat,283.0282193
119,Sample_S19S_0023_Wat,283.0459554
79,Sample_S19S_0023_Wat,283.0823169
19,Sample_S19S_0023_Wat,283.0935869
105,Sample_S19S_0023_Wat,283.118715
35,Sample_S19S_0023_Wat,283.1551309
46,Sample_S19S_0023_Wat,284.0412345
58,Sample_S19S_0023_Wat,284.0776208
41,Sample_S19S_0023_Wat,284.1139788
28,Sample_S19S_0023_Wat,285.0074703
77,Sample_S19S_0023_Wat,285.025228
49,Sample_S19S_0023_Wat,285.0404866
24,Sample_S19S_0023_Wat,285.0438689
81,Sample_S19S_0023_Wat,285.0616357
46,Sample_S19S_0023_Wat,285.0768513
38,Sample_S19S_0023_Wat,285.0980306
53,Sample_S19S_0023_Wat,285.1343948
44,Sample_S19S_0023_Wat,286.0568589
48,Sample_S19S_0023_Wat,286.0932539
61,Sample_S19S_0023_Wat,287.0197477
29,Sample_S19S_0023_Wat,287.0231311
72,Sample_S19S_0023_Wat,287.0408776
65,Sample_S19S_0023_Wat,287.0561351
6,Sample_S19S_0023_Wat,287.0595327
94,Sample_S19S_0023_Wat,287.0772537
61,Sample_S19S_0023_Wat,287.0925228
84,Sample_S19S_0023_Wat,287.1136282
54,Sample_S19S_0023_Wat,287.150015
41,Sample_S19S_0023_Wat,288.0513962
33,Sample_S19S_0023_Wat,288.1089115
74,Sample_S19S_0023_Wat,289.0354029
29,Sample_S19S_0023_Wat,289.0387746
77,Sample_S19S_0023_Wat,289.0565242
96,Sample_S19S_0023_Wat,289.0717704
30,Sample_S19S_0023_Wat,289.0751476
18,Sample_S19S_0023_Wat,289.0830287
75,Sample_S19S_0023_Wat,289.0929075
64,Sample_S19S_0023_Wat,289.1081489
58,Sample_S19S_0023_Wat,289.1292776
47,Sample_S19S_0023_Wat,289.1445478
12,Sample_S19S_0023_Wat,290.0305978
23,Sample_S19S_0023_Wat,290.0669883
9,Sample_S19S_0023_Wat,290.0882083
48,Sample_S19S_0023_Wat,290.1033932
70,Sample_S19S_0023_Wat,291.0146759
13,Sample_S19S_0023_Wat,291.0180075
93,Sample_S19S_0023_Wat,291.0510416
25,Sample_S19S_0023_Wat,291.0543989
21,Sample_S19S_0023_Wat,291.0622947
67,Sample_S19S_0023_Wat,291.0721692
81,Sample_S19S_0023_Wat,291.0874132
18,Sample_S19S_0023_Wat,291.0986884
63,Sample_S19S_0023_Wat,291.1237966
42,Sample_S19S_0023_Wat,291.1601932
37,Sample_S19S_0023_Wat,292.0462633
96,Sample_S19S_0023_Wat,293.0303357
91,Sample_S19S_0023_Wat,293.0667099
27,Sample_S19S_0023_Wat,293.0779374
102,Sample_S19S_0023_Wat,293.1030793
18,Sample_S19S_0023_Wat,293.1143295
75,Sample_S19S_0023_Wat,293.1394564
11,Sample_S19S_0023_Wat,293.1757942
1,Sample_S19S_0023_Wat,293.179192
18,Sample_S19S_0023_Wat,294.0255165
48,Sample_S19S_0023_Wat,294.0619153
54,Sample_S19S_0023_Wat,294.098304
53,Sample_S19S_0023_Wat,295.0095496
96,Sample_S19S_0023_Wat,295.0459444
14,Sample_S19S_0023_Wat,295.0572284
123,Sample_S19S_0023_Wat,295.0823376
7,Sample_S19S_0023_Wat,295.093638
111,Sample_S19S_0023_Wat,295.1187213
55,Sample_S19S_0023_Wat,295.1550986
39,Sample_S19S_0023_Wat,296.0411763
56,Sample_S19S_0023_Wat,296.0775656
41,Sample_S19S_0023_Wat,296.1139469
18,Sample_S19S_0023_Wat,297.0074532
88,Sample_S19S_0023_Wat,297.025237
26,Sample_S19S_0023_Wat,297.0404658
27,Sample_S19S_0023_Wat,297.0438655
103,Sample_S19S_0023_Wat,297.0616262
22,Sample_S19S_0023_Wat,297.0728378
18,Sample_S19S_0023_Wat,297.0768371
71,Sample_S19S_0023_Wat,297.0980154
40,Sample_S19S_0023_Wat,297.1344063
3,Sample_S19S_0023_Wat,297.1529844
19,Sample_S19S_0023_Wat,297.1707937
64,Sample_S19S_0023_Wat,298.0568737
56,Sample_S19S_0023_Wat,298.0932671
37,Sample_S19S_0023_Wat,298.1296449
30,Sample_S19S_0023_Wat,299.0231228
77,Sample_S19S_0023_Wat,299.0408894
60,Sample_S19S_0023_Wat,299.05613
36,Sample_S19S_0023_Wat,299.0595
108,Sample_S19S_0023_Wat,299.0772616
87,Sample_S19S_0023_Wat,299.1136455
63,Sample_S19S_0023_Wat,299.1500243
57,Sample_S19S_0023_Wat,300.0725
42,Sample_S19S_0023_Wat,300.1089049
14,Sample_S19S_0023_Wat,301.0023572
62,Sample_S19S_0023_Wat,301.0201601
68,Sample_S19S_0023_Wat,301.0353903
32,Sample_S19S_0023_Wat,301.0387674
75,Sample_S19S_0023_Wat,301.0565488
52,Sample_S19S_0023_Wat,301.071792
29,Sample_S19S_0023_Wat,301.0751454
67,Sample_S19S_0023_Wat,301.092932
33,Sample_S19S_0023_Wat,301.1081829
46,Sample_S19S_0023_Wat,301.129318
31,Sample_S19S_0023_Wat,301.1656955
30,Sample_S19S_0023_Wat,302.0306578
47,Sample_S19S_0023_Wat,302.0670162
29,Sample_S19S_0023_Wat,302.0881947
22,Sample_S19S_0023_Wat,302.1245742
60,Sample_S19S_0023_Wat,303.0146906
30,Sample_S19S_0023_Wat,303.0180437
57,Sample_S19S_0023_Wat,303.0357821
76,Sample_S19S_0023_Wat,303.0510433
38,Sample_S19S_0023_Wat,303.0544081
78,Sample_S19S_0023_Wat,303.0721573
71,Sample_S19S_0023_Wat,303.0874395
25,Sample_S19S_0023_Wat,303.0907893
84,Sample_S19S_0023_Wat,303.1085414
56,Sample_S19S_0023_Wat,303.1238249
55,Sample_S19S_0023_Wat,303.1449308
46,Sample_S19S_0023_Wat,304.0462877
49,Sample_S19S_0023_Wat,304.0826613
26,Sample_S19S_0023_Wat,304.1038383
84,Sample_S19S_0023_Wat,305.0303157
32,Sample_S19S_0023_Wat,305.0336873
103,Sample_S19S_0023_Wat,305.0666877
32,Sample_S19S_0023_Wat,305.0700613
9,Sample_S19S_0023_Wat,305.0779953
41,Sample_S19S_0023_Wat,305.087829
82,Sample_S19S_0023_Wat,305.1030852
9,Sample_S19S_0023_Wat,305.1064563
59,Sample_S19S_0023_Wat,305.1394662
58,Sample_S19S_0023_Wat,306.0983427
48,Sample_S19S_0023_Wat,307.0095853
106,Sample_S19S_0023_Wat,307.0459779
12,Sample_S19S_0023_Wat,307.0572343
67,Sample_S19S_0023_Wat,307.0823737
22,Sample_S19S_0023_Wat,307.0936059
49,Sample_S19S_0023_Wat,307.1187572
34,Sample_S19S_0023_Wat,307.1551342
65,Sample_S19S_0023_Wat,308.0412303
65,Sample_S19S_0023_Wat,308.0775973
54,Sample_S19S_0023_Wat,308.1139545
20,Sample_S19S_0023_Wat,309.007479
93,Sample_S19S_0023_Wat,309.0252469
120,Sample_S19S_0023_Wat,309.0616036
22,Sample_S19S_0023_Wat,309.0728691
111,Sample_S19S_0023_Wat,309.0979773
10,Sample_S19S_0023_Wat,309.1092661
87,Sample_S19S_0023_Wat,309.1343649
39,Sample_S19S_0023_Wat,309.1707647
1,Sample_S19S_0023_Wat,309.1741269
60,Sample_S19S_0023_Wat,310.0568411
62,Sample_S19S_0023_Wat,310.0932206
51,Sample_S19S_0023_Wat,310.1296176
67,Sample_S19S_0023_Wat,311.0045073
30,Sample_S19S_0023_Wat,311.0231058
100,Sample_S19S_0023_Wat,311.0408991
19,Sample_S19S_0023_Wat,311.0521121
105,Sample_S19S_0023_Wat,311.0772659
28,Sample_S19S_0023_Wat,311.0885065
125,Sample_S19S_0023_Wat,311.1136352
69,Sample_S19S_0023_Wat,311.1500195
41,Sample_S19S_0023_Wat,312.0361043
60,Sample_S19S_0023_Wat,312.0725103
20,Sample_S19S_0023_Wat,313.0024017
64,Sample_S19S_0023_Wat,313.0201379
42,Sample_S19S_0023_Wat,313.0353909
33,Sample_S19S_0023_Wat,313.0387549
91,Sample_S19S_0023_Wat,313.0565398
34,Sample_S19S_0023_Wat,313.071764
83,Sample_S19S_0023_Wat,313.0929245
27,Sample_S19S_0023_Wat,313.1041391
69,Sample_S19S_0023_Wat,313.1293014
47,Sample_S19S_0023_Wat,313.1656688
60,Sample_S19S_0023_Wat,314.0517902
66,Sample_S19S_0023_Wat,314.0881771
46,Sample_S19S_0023_Wat,314.1245573
50,Sample_S19S_0023_Wat,315.0146824
27,Sample_S19S_0023_Wat,315.0180328
72,Sample_S19S_0023_Wat,315.035781
66,Sample_S19S_0023_Wat,315.0510397
41,Sample_S19S_0023_Wat,315.0544106
83,Sample_S19S_0023_Wat,315.0721791
33,Sample_S19S_0023_Wat,315.0873994
4,Sample_S19S_0023_Wat,315.0907452
63,Sample_S19S_0023_Wat,315.1085755
53,Sample_S19S_0023_Wat,315.1238052
45,Sample_S19S_0023_Wat,315.1449559
40,Sample_S19S_0023_Wat,316.0463145
40,Sample_S19S_0023_Wat,316.0674166
56,Sample_S19S_0023_Wat,316.1038062
72,Sample_S19S_0023_Wat,317.0303382
10,Sample_S19S_0023_Wat,317.0337185
71,Sample_S19S_0023_Wat,317.0514233
83,Sample_S19S_0023_Wat,317.0666936
38,Sample_S19S_0023_Wat,317.0700656
3,Sample_S19S_0023_Wat,317.0780371
94,Sample_S19S_0023_Wat,317.0878157
59,Sample_S19S_0023_Wat,317.1030588
46,Sample_S19S_0023_Wat,317.124227
57,Sample_S19S_0023_Wat,317.1394552
25,Sample_S19S_0023_Wat,317.1758589
6,Sample_S19S_0023_Wat,317.2122753
26,Sample_S19S_0023_Wat,318.0255948
56,Sample_S19S_0023_Wat,318.0619419
17,Sample_S19S_0023_Wat,318.0831173
47,Sample_S19S_0023_Wat,318.0982984
18,Sample_S19S_0023_Wat,318.1194966
47,Sample_S19S_0023_Wat,319.009608
26,Sample_S19S_0023_Wat,319.0460069
9,Sample_S19S_0023_Wat,319.0493681
3,Sample_S19S_0023_Wat,319.0573003
42,Sample_S19S_0023_Wat,319.0670953
80,Sample_S19S_0023_Wat,319.0823624
31,Sample_S19S_0023_Wat,319.0857041
4,Sample_S19S_0023_Wat,319.0936659
37,Sample_S19S_0023_Wat,319.103481
84,Sample_S19S_0023_Wat,319.1187158
52,Sample_S19S_0023_Wat,319.1551015
53,Sample_S19S_0023_Wat,320.0412195
48,Sample_S19S_0023_Wat,320.0776287
17,Sample_S19S_0023_Wat,320.0987676
21,Sample_S19S_0023_Wat,320.1140206
16,Sample_S19S_0023_Wat,320.1351354
73,Sample_S19S_0023_Wat,321.0252313
82,Sample_S19S_0023_Wat,321.0616406
15,Sample_S19S_0023_Wat,321.0649964
12,Sample_S19S_0023_Wat,321.0728956
41,Sample_S19S_0023_Wat,321.0827529
45,Sample_S19S_0023_Wat,321.0980285
4,Sample_S19S_0023_Wat,321.1093021
66,Sample_S19S_0023_Wat,321.1343949
38,Sample_S19S_0023_Wat,321.1707672
66,Sample_S19S_0023_Wat,322.0568903
70,Sample_S19S_0023_Wat,322.0932669
55,Sample_S19S_0023_Wat,323.0044879
24,Sample_S19S_0023_Wat,323.0231329
83,Sample_S19S_0023_Wat,323.0408542
12,Sample_S19S_0023_Wat,323.0521494
113,Sample_S19S_0023_Wat,323.0772527
29,Sample_S19S_0023_Wat,323.0884973
60,Sample_S19S_0023_Wat,323.1136726
54,Sample_S19S_0023_Wat,323.1500462
27,Sample_S19S_0023_Wat,323.1864241
55,Sample_S19S_0023_Wat,324.0361498
70,Sample_S19S_0023_Wat,324.0725027
60,Sample_S19S_0023_Wat,324.108871
22,Sample_S19S_0023_Wat,325.0024079
23,Sample_S19S_0023_Wat,325.0201894
29,Sample_S19S_0023_Wat,325.0387758
97,Sample_S19S_0023_Wat,325.0565425
9,Sample_S19S_0023_Wat,325.0678176
116,Sample_S19S_0023_Wat,325.0928926
29,Sample_S19S_0023_Wat,325.1041654
78,Sample_S19S_0023_Wat,325.1292996
35,Sample_S19S_0023_Wat,325.1657004
2,Sample_S19S_0023_Wat,325.1842438
49,Sample_S19S_0023_Wat,326.0518083
65,Sample_S19S_0023_Wat,326.0881656
53,Sample_S19S_0023_Wat,326.1245662
30,Sample_S19S_0023_Wat,327.0146798
19,Sample_S19S_0023_Wat,327.0180623
77,Sample_S19S_0023_Wat,327.035782
46,Sample_S19S_0023_Wat,327.0510536
12,Sample_S19S_0023_Wat,327.0543882
82,Sample_S19S_0023_Wat,327.0722018
27,Sample_S19S_0023_Wat,327.0834311
78,Sample_S19S_0023_Wat,327.1085831
5,Sample_S19S_0023_Wat,327.1198419
67,Sample_S19S_0023_Wat,327.1449492
25,Sample_S19S_0023_Wat,328.0463026
51,Sample_S19S_0023_Wat,328.067419
61,Sample_S19S_0023_Wat,328.1037984
55,Sample_S19S_0023_Wat,329.0303285
41,Sample_S19S_0023_Wat,329.0336784
51,Sample_S19S_0023_Wat,329.0514722
31,Sample_S19S_0023_Wat,329.0667319
39,Sample_S19S_0023_Wat,329.0700573
103,Sample_S19S_0023_Wat,329.0878075
55,Sample_S19S_0023_Wat,329.1030905
18,Sample_S19S_0023_Wat,329.1064332
66,Sample_S19S_0023_Wat,329.1242163
51,Sample_S19S_0023_Wat,329.1605843
19,Sample_S19S_0023_Wat,330.0255466
37,Sample_S19S_0023_Wat,330.0619755
28,Sample_S19S_0023_Wat,330.0831155
21,Sample_S19S_0023_Wat,330.0983753
48,Sample_S19S_0023_Wat,330.1194763
36,Sample_S19S_0023_Wat,331.0095615
23,Sample_S19S_0023_Wat,331.012931
54,Sample_S19S_0023_Wat,331.0307044
47,Sample_S19S_0023_Wat,331.0459941
38,Sample_S19S_0023_Wat,331.0493372
64,Sample_S19S_0023_Wat,331.0670688
67,Sample_S19S_0023_Wat,331.0823608
50,Sample_S19S_0023_Wat,331.1034998
76,Sample_S19S_0023_Wat,331.1187275
5,Sample_S19S_0023_Wat,331.122066
23,Sample_S19S_0023_Wat,331.1399002
15,Sample_S19S_0023_Wat,331.155166
11,Sample_S19S_0023_Wat,331.1915481
45,Sample_S19S_0023_Wat,332.0412408
62,Sample_S19S_0023_Wat,332.0775831
42,Sample_S19S_0023_Wat,332.0987468
30,Sample_S19S_0023_Wat,333.0252702
13,Sample_S19S_0023_Wat,333.0286322
40,Sample_S19S_0023_Wat,333.0463704
45,Sample_S19S_0023_Wat,333.0616512
5,Sample_S19S_0023_Wat,333.0650225
41,Sample_S19S_0023_Wat,333.08277
83,Sample_S19S_0023_Wat,333.0980074
17,Sample_S19S_0023_Wat,333.1013488
3,Sample_S19S_0023_Wat,333.109335
10,Sample_S19S_0023_Wat,333.1191757
36,Sample_S19S_0023_Wat,333.1344131
25,Sample_S19S_0023_Wat,333.1707943
20,Sample_S19S_0023_Wat,333.2071238
66,Sample_S19S_0023_Wat,334.0568812
44,Sample_S19S_0023_Wat,334.0932769
8,Sample_S19S_0023_Wat,334.1144217
46,Sample_S19S_0023_Wat,335.004499
58,Sample_S19S_0023_Wat,335.0409093
96,Sample_S19S_0023_Wat,335.0772597
27,Sample_S19S_0023_Wat,335.0806299
56,Sample_S19S_0023_Wat,335.1136067
60,Sample_S19S_0023_Wat,335.150042
31,Sample_S19S_0023_Wat,335.1864245
24,Sample_S19S_0023_Wat,336.0361684
33,Sample_S19S_0023_Wat,336.0725571
63,Sample_S19S_0023_Wat,336.1089144
2,Sample_S19S_0023_Wat,336.1453517
65,Sample_S19S_0023_Wat,337.0201415
64,Sample_S19S_0023_Wat,337.0564852
21,Sample_S19S_0023_Wat,337.0677837
13,Sample_S19S_0023_Wat,337.0695448
110,Sample_S19S_0023_Wat,337.0929176
6,Sample_S19S_0023_Wat,337.0962416
12,Sample_S19S_0023_Wat,337.1041904
102,Sample_S19S_0023_Wat,337.1292866
51,Sample_S19S_0023_Wat,337.1656867
17,Sample_S19S_0023_Wat,338.0518396
76,Sample_S19S_0023_Wat,338.0881798
44,Sample_S19S_0023_Wat,338.1245766
17,Sample_S19S_0023_Wat,339.0180613
72,Sample_S19S_0023_Wat,339.0357996
121,Sample_S19S_0023_Wat,339.0721726
11,Sample_S19S_0023_Wat,339.0834699
114,Sample_S19S_0023_Wat,339.1085453
25,Sample_S19S_0023_Wat,339.1198231
35,Sample_S19S_0023_Wat,339.1449816
34,Sample_S19S_0023_Wat,339.1813533
44,Sample_S19S_0023_Wat,340.0310651
23,Sample_S19S_0023_Wat,340.0674792
61,Sample_S19S_0023_Wat,340.1038147
47,Sample_S19S_0023_Wat,340.1401964
17,Sample_S19S_0023_Wat,340.9973236
58,Sample_S19S_0023_Wat,341.0150623
26,Sample_S19S_0023_Wat,341.0302897
10,Sample_S19S_0023_Wat,341.0336306
80,Sample_S19S_0023_Wat,341.0514621
4,Sample_S19S_0023_Wat,341.0627609
30,Sample_S19S_0023_Wat,341.0667303
8,Sample_S19S_0023_Wat,341.0700215
118,Sample_S19S_0023_Wat,341.0878109
21,Sample_S19S_0023_Wat,341.0990914
22,Sample_S19S_0023_Wat,341.1031062
37,Sample_S19S_0023_Wat,341.12425
47,Sample_S19S_0023_Wat,341.1606173
42,Sample_S19S_0023_Wat,342.0467143
58,Sample_S19S_0023_Wat,342.0830768
46,Sample_S19S_0023_Wat,342.1194926
21,Sample_S19S_0023_Wat,343.0096148
17,Sample_S19S_0023_Wat,343.0129774
60,Sample_S19S_0023_Wat,343.0307124
50,Sample_S19S_0023_Wat,343.0459579
14,Sample_S19S_0023_Wat,343.0492868
59,Sample_S19S_0023_Wat,343.067113
5,Sample_S19S_0023_Wat,343.0783969
19,Sample_S19S_0023_Wat,343.0823925
31,Sample_S19S_0023_Wat,343.0857039
103,Sample_S19S_0023_Wat,343.1034685
41,Sample_S19S_0023_Wat,343.1187422
16,Sample_S19S_0023_Wat,343.1399075
36,Sample_S19S_0023_Wat,343.1762631
26,Sample_S19S_0023_Wat,344.0412523
49,Sample_S19S_0023_Wat,344.0623517
53,Sample_S19S_0023_Wat,344.0775907
36,Sample_S19S_0023_Wat,344.0987606
58,Sample_S19S_0023_Wat,345.0252491
37,Sample_S19S_0023_Wat,345.0286059
51,Sample_S19S_0023_Wat,345.0463327
67,Sample_S19S_0023_Wat,345.0616254
35,Sample_S19S_0023_Wat,345.0649742
57,Sample_S19S_0023_Wat,345.0827674
65,Sample_S19S_0023_Wat,345.0980089
11,Sample_S19S_0023_Wat,345.1013399
54,Sample_S19S_0023_Wat,345.1191373
19,Sample_S19S_0023_Wat,345.1344288
27,Sample_S19S_0023_Wat,345.1555412
42,Sample_S19S_0023_Wat,345.170772
30,Sample_S19S_0023_Wat,346.0204903
35,Sample_S19S_0023_Wat,346.0569005
32,Sample_S19S_0023_Wat,346.07802
57,Sample_S19S_0023_Wat,346.0932318
40,Sample_S19S_0023_Wat,346.1143644
39,Sample_S19S_0023_Wat,346.1296472
49,Sample_S19S_0023_Wat,347.0045152
69,Sample_S19S_0023_Wat,347.0408756
43,Sample_S19S_0023_Wat,347.0442381
42,Sample_S19S_0023_Wat,347.0620279
98,Sample_S19S_0023_Wat,347.0772564
12,Sample_S19S_0023_Wat,347.0805924
19,Sample_S19S_0023_Wat,347.0903002
62,Sample_S19S_0023_Wat,347.0983726
43,Sample_S19S_0023_Wat,347.1136821
22,Sample_S19S_0023_Wat,347.1170036
24,Sample_S19S_0023_Wat,347.1348045
69,Sample_S19S_0023_Wat,347.1500262
10,Sample_S19S_0023_Wat,347.1864695
41,Sample_S19S_0023_Wat,348.0361356
31,Sample_S19S_0023_Wat,348.0725611
62,Sample_S19S_0023_Wat,348.1089104
7,Sample_S19S_0023_Wat,348.1300774
67,Sample_S19S_0023_Wat,349.0201636
26,Sample_S19S_0023_Wat,349.0564693
9,Sample_S19S_0023_Wat,349.0598406
3,Sample_S19S_0023_Wat,349.0678584
80,Sample_S19S_0023_Wat,349.0929209
7,Sample_S19S_0023_Wat,349.1042255
17,Sample_S19S_0023_Wat,349.1059291
80,Sample_S19S_0023_Wat,349.129303
58,Sample_S19S_0023_Wat,349.1656793
15,Sample_S19S_0023_Wat,349.2021049
19,Sample_S19S_0023_Wat,350.0518357
81,Sample_S19S_0023_Wat,350.0881844
21,Sample_S19S_0023_Wat,350.1245924
23,Sample_S19S_0023_Wat,351.0180535
74,Sample_S19S_0023_Wat,351.0357871
7,Sample_S19S_0023_Wat,351.0488144
84,Sample_S19S_0023_Wat,351.0721501
10,Sample_S19S_0023_Wat,351.075514
49,Sample_S19S_0023_Wat,351.1085115
18,Sample_S19S_0023_Wat,351.121581
46,Sample_S19S_0023_Wat,351.1449775
42,Sample_S19S_0023_Wat,351.1813076
13,Sample_S19S_0023_Wat,351.2177372
31,Sample_S19S_0023_Wat,352.0310225
29,Sample_S19S_0023_Wat,352.0674721
65,Sample_S19S_0023_Wat,352.1038206
28,Sample_S19S_0023_Wat,352.140233
2,Sample_S19S_0023_Wat,352.997352
59,Sample_S19S_0023_Wat,353.0150696
26,Sample_S19S_0023_Wat,353.0303338
24,Sample_S19S_0023_Wat,353.0336695
52,Sample_S19S_0023_Wat,353.0514753
114,Sample_S19S_0023_Wat,353.0878166
16,Sample_S19S_0023_Wat,353.0990962
75,Sample_S19S_0023_Wat,353.124233
48,Sample_S19S_0023_Wat,353.1605629
53,Sample_S19S_0023_Wat,354.0467104
71,Sample_S19S_0023_Wat,354.0830704
56,Sample_S19S_0023_Wat,354.1194893
45,Sample_S19S_0023_Wat,354.1558443
17,Sample_S19S_0023_Wat,355.0129751
62,Sample_S19S_0023_Wat,355.0306981
37,Sample_S19S_0023_Wat,355.0459559
9,Sample_S19S_0023_Wat,355.0492579
77,Sample_S19S_0023_Wat,355.0671162
5,Sample_S19S_0023_Wat,355.0784081
4,Sample_S19S_0023_Wat,355.0824171
105,Sample_S19S_0023_Wat,355.1034699
40,Sample_S19S_0023_Wat,355.1187368
23,Sample_S19S_0023_Wat,355.1399086
38,Sample_S19S_0023_Wat,355.1762476
2,Sample_S19S_0023_Wat,356.0412949
67,Sample_S19S_0023_Wat,356.0623586
28,Sample_S19S_0023_Wat,356.0987693
48,Sample_S19S_0023_Wat,356.1350838
31,Sample_S19S_0023_Wat,357.0251986
11,Sample_S19S_0023_Wat,357.028543
58,Sample_S19S_0023_Wat,357.046323
50,Sample_S19S_0023_Wat,357.061636
12,Sample_S19S_0023_Wat,357.0649448
88,Sample_S19S_0023_Wat,357.0827228
46,Sample_S19S_0023_Wat,357.0979761
8,Sample_S19S_0023_Wat,357.1012479
17,Sample_S19S_0023_Wat,357.1110353
96,Sample_S19S_0023_Wat,357.1191097
27,Sample_S19S_0023_Wat,357.134414
67,Sample_S19S_0023_Wat,357.1554992
48,Sample_S19S_0023_Wat,358.0568909
56,Sample_S19S_0023_Wat,358.077999
50,Sample_S19S_0023_Wat,358.0932734
17,Sample_S19S_0023_Wat,359.007892
10,Sample_S19S_0023_Wat,359.0256737
17,Sample_S19S_0023_Wat,359.0409252
29,Sample_S19S_0023_Wat,359.0442657
67,Sample_S19S_0023_Wat,359.0619959
60,Sample_S19S_0023_Wat,359.077285
40,Sample_S19S_0023_Wat,359.0806207
34,Sample_S19S_0023_Wat,359.0984239
2,Sample_S19S_0023_Wat,359.1169502
49,Sample_S19S_0023_Wat,359.1347452
58,Sample_S19S_0023_Wat,359.1500213
48,Sample_S19S_0023_Wat,360.0361542
30,Sample_S19S_0023_Wat,360.093678
49,Sample_S19S_0023_Wat,360.108919
16,Sample_S19S_0023_Wat,360.1664452
49,Sample_S19S_0023_Wat,361.0201475
47,Sample_S19S_0023_Wat,361.0412698
59,Sample_S19S_0023_Wat,361.056505
15,Sample_S19S_0023_Wat,361.0598496
11,Sample_S19S_0023_Wat,361.069538
37,Sample_S19S_0023_Wat,361.077621
77,Sample_S19S_0023_Wat,361.0929312
36,Sample_S19S_0023_Wat,361.0962708
46,Sample_S19S_0023_Wat,361.1140532
92,Sample_S19S_0023_Wat,361.1292859
25,Sample_S19S_0023_Wat,361.1423317
49,Sample_S19S_0023_Wat,361.1504109
40,Sample_S19S_0023_Wat,361.1657046
73,Sample_S19S_0023_Wat,362.0881611
8,Sample_S19S_0023_Wat,362.1246138
7,Sample_S19S_0023_Wat,362.9994703
2,Sample_S19S_0023_Wat,363.0180917
68,Sample_S19S_0023_Wat,363.0357881
8,Sample_S19S_0023_Wat,363.0390813
50,Sample_S19S_0023_Wat,363.0722122
17,Sample_S19S_0023_Wat,363.0755589
27,Sample_S19S_0023_Wat,363.0932688
90,Sample_S19S_0023_Wat,363.108539
18,Sample_S19S_0023_Wat,363.1215932
35,Sample_S19S_0023_Wat,363.1449786
24,Sample_S19S_0023_Wat,363.1812892
45,Sample_S19S_0023_Wat,364.0310639
62,Sample_S19S_0023_Wat,364.0674047
64,Sample_S19S_0023_Wat,364.1038292
61,Sample_S19S_0023_Wat,364.1401707
56,Sample_S19S_0023_Wat,365.015069
28,Sample_S19S_0023_Wat,365.0513776
99,Sample_S19S_0023_Wat,365.0878382
10,Sample_S19S_0023_Wat,365.0991282
44,Sample_S19S_0023_Wat,365.1241727
13,Sample_S19S_0023_Wat,365.137244
23,Sample_S19S_0023_Wat,365.1606438
35,Sample_S19S_0023_Wat,365.1969623
82,Sample_S19S_0023_Wat,366.0830912
69,Sample_S19S_0023_Wat,366.1194629
7,Sample_S19S_0023_Wat,366.1558943
11,Sample_S19S_0023_Wat,367.0129081
64,Sample_S19S_0023_Wat,367.0306865
96,Sample_S19S_0023_Wat,367.0671094
9,Sample_S19S_0023_Wat,367.0784012
115,Sample_S19S_0023_Wat,367.1034613
17,Sample_S19S_0023_Wat,367.1147643
13,Sample_S19S_0023_Wat,367.1399195
46,Sample_S19S_0023_Wat,367.1762158
23,Sample_S19S_0023_Wat,367.2126519
23,Sample_S19S_0023_Wat,368.0623951
87,Sample_S19S_0023_Wat,368.0987097
55,Sample_S19S_0023_Wat,368.1351331
9,Sample_S19S_0023_Wat,368.992244
19,Sample_S19S_0023_Wat,369.0252119
9,Sample_S19S_0023_Wat,369.0285398
51,Sample_S19S_0023_Wat,369.0463181
46,Sample_S19S_0023_Wat,369.061629
86,Sample_S19S_0023_Wat,369.0827443
27,Sample_S19S_0023_Wat,369.1190631
59,Sample_S19S_0023_Wat,369.1555194
9,Sample_S19S_0023_Wat,369.1837969
13,Sample_S19S_0023_Wat,369.1918398
61,Sample_S19S_0023_Wat,370.0779692
38,Sample_S19S_0023_Wat,370.1507341
24,Sample_S19S_0023_Wat,371.0255725
39,Sample_S19S_0023_Wat,371.0408802
10,Sample_S19S_0023_Wat,371.0441824
76,Sample_S19S_0023_Wat,371.0620102
6,Sample_S19S_0023_Wat,371.0805043
15,Sample_S19S_0023_Wat,371.0902981
44,Sample_S19S_0023_Wat,371.0983408
47,Sample_S19S_0023_Wat,371.1136558
57,Sample_S19S_0023_Wat,371.1347918
43,Sample_S19S_0023_Wat,371.171134
31,Sample_S19S_0023_Wat,372.0361265
34,Sample_S19S_0023_Wat,372.0572277
49,Sample_S19S_0023_Wat,372.0725108
53,Sample_S19S_0023_Wat,372.1300076
32,Sample_S19S_0023_Wat,372.1663973
31,Sample_S19S_0023_Wat,373.0201141
16,Sample_S19S_0023_Wat,373.02348
4,Sample_S19S_0023_Wat,373.0331394
45,Sample_S19S_0023_Wat,373.0412407
67,Sample_S19S_0023_Wat,373.0565482
24,Sample_S19S_0023_Wat,373.0599109
37,Sample_S19S_0023_Wat,373.0776886
44,Sample_S19S_0023_Wat,373.09294
21,Sample_S19S_0023_Wat,373.1059583
57,Sample_S19S_0023_Wat,373.1140108
15,Sample_S19S_0023_Wat,373.1504711
15,Sample_S19S_0023_Wat,373.1657318
11,Sample_S19S_0023_Wat,374.9994641
25,Sample_S19S_0023_Wat,375.0358416
19,Sample_S19S_0023_Wat,375.0569615
70,Sample_S19S_0023_Wat,375.0721973
37,Sample_S19S_0023_Wat,375.0755416
14,Sample_S19S_0023_Wat,375.0852221
44,Sample_S19S_0023_Wat,375.0932745
6,Sample_S19S_0023_Wat,375.1118457
33,Sample_S19S_0023_Wat,375.1297066
77,Sample_S19S_0023_Wat,375.1449442
17,Sample_S19S_0023_Wat,375.1579842
28,Sample_S19S_0023_Wat,375.1812892
24,Sample_S19S_0023_Wat,376.031082
60,Sample_S19S_0023_Wat,376.0674564
28,Sample_S19S_0023_Wat,376.1249335
34,Sample_S19S_0023_Wat,377.0150486
77,Sample_S19S_0023_Wat,377.0514538
28,Sample_S19S_0023_Wat,377.0548048
62,Sample_S19S_0023_Wat,377.0877952
7,Sample_S19S_0023_Wat,377.0911145
11,Sample_S19S_0023_Wat,377.100823
10,Sample_S19S_0023_Wat,377.1088705
93,Sample_S19S_0023_Wat,377.1241915
18,Sample_S19S_0023_Wat,377.1372608
56,Sample_S19S_0023_Wat,377.1606102
9,Sample_S19S_0023_Wat,377.1735945
18,Sample_S19S_0023_Wat,377.1969233
23,Sample_S19S_0023_Wat,378.0466478
59,Sample_S19S_0023_Wat,378.0831073
78,Sample_S19S_0023_Wat,378.1194361
54,Sample_S19S_0023_Wat,378.1558494
65,Sample_S19S_0023_Wat,379.0307221
27,Sample_S19S_0023_Wat,379.0670295
116,Sample_S19S_0023_Wat,379.1034645
19,Sample_S19S_0023_Wat,379.1165229
93,Sample_S19S_0023_Wat,379.1398402
14,Sample_S19S_0023_Wat,379.1528588
59,Sample_S19S_0023_Wat,379.1762343
11,Sample_S19S_0023_Wat,380.0259079
79,Sample_S19S_0023_Wat,380.0987084
75,Sample_S19S_0023_Wat,380.1350974
16,Sample_S19S_0023_Wat,381.0099072
7,Sample_S19S_0023_Wat,381.0285164
72,Sample_S19S_0023_Wat,381.0463502
35,Sample_S19S_0023_Wat,381.0826619
33,Sample_S19S_0023_Wat,381.0939738
104,Sample_S19S_0023_Wat,381.1191186
83,Sample_S19S_0023_Wat,381.1555031
34,Sample_S19S_0023_Wat,381.1918695
36,Sample_S19S_0023_Wat,382.0415806
63,Sample_S19S_0023_Wat,382.0779661
81,Sample_S19S_0023_Wat,382.1143936
14,Sample_S19S_0023_Wat,382.1507159
17,Sample_S19S_0023_Wat,383.0078699
32,Sample_S19S_0023_Wat,383.0255766
9,Sample_S19S_0023_Wat,383.040804
46,Sample_S19S_0023_Wat,383.0619616
44,Sample_S19S_0023_Wat,383.0772634
105,Sample_S19S_0023_Wat,383.0983806
20,Sample_S19S_0023_Wat,383.1095949
22,Sample_S19S_0023_Wat,383.1266887
30,Sample_S19S_0023_Wat,383.1347075
35,Sample_S19S_0023_Wat,383.1711132
34,Sample_S19S_0023_Wat,383.2075249
35,Sample_S19S_0023_Wat,384.0572385
66,Sample_S19S_0023_Wat,384.0936599
32,Sample_S19S_0023_Wat,384.1664077
17,Sample_S19S_0023_Wat,385.0201172
12,Sample_S19S_0023_Wat,385.0234761
5,Sample_S19S_0023_Wat,385.0331631
26,Sample_S19S_0023_Wat,385.0412026
39,Sample_S19S_0023_Wat,385.0564963
5,Sample_S19S_0023_Wat,385.0597522
82,Sample_S19S_0023_Wat,385.0776412
28,Sample_S19S_0023_Wat,385.0888784
55,Sample_S19S_0023_Wat,385.0929264
7,Sample_S19S_0023_Wat,385.0961706
36,Sample_S19S_0023_Wat,385.1139909
34,Sample_S19S_0023_Wat,385.1292595
20,Sample_S19S_0023_Wat,385.1423072
36,Sample_S19S_0023_Wat,385.1503825
31,Sample_S19S_0023_Wat,385.1868285
7,Sample_S19S_0023_Wat,386.0517072
42,Sample_S19S_0023_Wat,386.0728862
60,Sample_S19S_0023_Wat,386.0881802
55,Sample_S19S_0023_Wat,386.1093009
55,Sample_S19S_0023_Wat,387.0358113
33,Sample_S19S_0023_Wat,387.0391593
26,Sample_S19S_0023_Wat,387.0568488
19,Sample_S19S_0023_Wat,387.0721252
6,Sample_S19S_0023_Wat,387.075423
13,Sample_S19S_0023_Wat,387.0851909
28,Sample_S19S_0023_Wat,387.0932457
82,Sample_S19S_0023_Wat,387.1085636
84,Sample_S19S_0023_Wat,387.1296791
17,Sample_S19S_0023_Wat,387.1579654
13,Sample_S19S_0023_Wat,387.1659841
25,Sample_S19S_0023_Wat,387.1812925
8,Sample_S19S_0023_Wat,387.19436
9,Sample_S19S_0023_Wat,388.0309868
68,Sample_S19S_0023_Wat,388.0674506
47,Sample_S19S_0023_Wat,388.1037783
47,Sample_S19S_0023_Wat,388.1249219
52,Sample_S19S_0023_Wat,388.1401722
31,Sample_S19S_0023_Wat,389.0150297
19,Sample_S19S_0023_Wat,389.0184174
51,Sample_S19S_0023_Wat,389.051417
11,Sample_S19S_0023_Wat,389.054731
9,Sample_S19S_0023_Wat,389.0644457
22,Sample_S19S_0023_Wat,389.0724972
79,Sample_S19S_0023_Wat,389.0878118
12,Sample_S19S_0023_Wat,389.0911204
15,Sample_S19S_0023_Wat,389.1008827
36,Sample_S19S_0023_Wat,389.108981
91,Sample_S19S_0023_Wat,389.1242045
15,Sample_S19S_0023_Wat,389.1372295
14,Sample_S19S_0023_Wat,389.1452618
28,Sample_S19S_0023_Wat,389.1605387
16,Sample_S19S_0023_Wat,389.1736085
37,Sample_S19S_0023_Wat,389.1969883
36,Sample_S19S_0023_Wat,390.0466839
81,Sample_S19S_0023_Wat,390.083092
30,Sample_S19S_0023_Wat,391.0307447
50,Sample_S19S_0023_Wat,391.0670531
11,Sample_S19S_0023_Wat,391.070384
14,Sample_S19S_0023_Wat,391.0881255
50,Sample_S19S_0023_Wat,391.1034381
3,Sample_S19S_0023_Wat,391.1066925
24,Sample_S19S_0023_Wat,391.1245591
50,Sample_S19S_0023_Wat,391.1398852
7,Sample_S19S_0023_Wat,391.1528412
37,Sample_S19S_0023_Wat,391.1762035
3,Sample_S19S_0023_Wat,391.1892281
25,Sample_S19S_0023_Wat,391.212612
53,Sample_S19S_0023_Wat,392.06231
81,Sample_S19S_0023_Wat,392.098752
24,Sample_S19S_0023_Wat,392.1198706
65,Sample_S19S_0023_Wat,392.1351125
12,Sample_S19S_0023_Wat,393.0285634
50,Sample_S19S_0023_Wat,393.0463154
82,Sample_S19S_0023_Wat,393.0827628
6,Sample_S19S_0023_Wat,393.0860569
91,Sample_S19S_0023_Wat,393.1191285
15,Sample_S19S_0023_Wat,393.1321265
41,Sample_S19S_0023_Wat,393.1554711
21,Sample_S19S_0023_Wat,393.1919402
39,Sample_S19S_0023_Wat,394.0415806
44,Sample_S19S_0023_Wat,394.078026
49,Sample_S19S_0023_Wat,394.1144108
16,Sample_S19S_0023_Wat,395.0078861
37,Sample_S19S_0023_Wat,395.0255818
60,Sample_S19S_0023_Wat,395.0619708
53,Sample_S19S_0023_Wat,395.0984243
116,Sample_S19S_0023_Wat,395.1347697
46,Sample_S19S_0023_Wat,395.171191
14,Sample_S19S_0023_Wat,395.2075813
69,Sample_S19S_0023_Wat,396.0936653
34,Sample_S19S_0023_Wat,396.13006
55,Sample_S19S_0023_Wat,396.1664019
50,Sample_S19S_0023_Wat,397.0412485
30,Sample_S19S_0023_Wat,397.0565368
7,Sample_S19S_0023_Wat,397.0597441
31,Sample_S19S_0023_Wat,397.0775828
70,Sample_S19S_0023_Wat,397.1140135
87,Sample_S19S_0023_Wat,397.1504225
21,Sample_S19S_0023_Wat,397.1867602
62,Sample_S19S_0023_Wat,398.0729329
65,Sample_S19S_0023_Wat,398.1456531
30,Sample_S19S_0023_Wat,399.0205105
7,Sample_S19S_0023_Wat,399.0356696
19,Sample_S19S_0023_Wat,399.0568344
35,Sample_S19S_0023_Wat,399.0721389
4,Sample_S19S_0023_Wat,399.0753668
13,Sample_S19S_0023_Wat,399.085227
69,Sample_S19S_0023_Wat,399.0932727
18,Sample_S19S_0023_Wat,399.1086044
63,Sample_S19S_0023_Wat,399.1296635
38,Sample_S19S_0023_Wat,399.1449193
10,Sample_S19S_0023_Wat,399.1579458
1,Sample_S19S_0023_Wat,399.1659287
20,Sample_S19S_0023_Wat,400.0674729
35,Sample_S19S_0023_Wat,400.1037744
38,Sample_S19S_0023_Wat,400.1249077
31,Sample_S19S_0023_Wat,401.0150794
27,Sample_S19S_0023_Wat,401.0362034
60,Sample_S19S_0023_Wat,401.0514549
14,Sample_S19S_0023_Wat,401.0547584
9,Sample_S19S_0023_Wat,401.0644945
22,Sample_S19S_0023_Wat,401.0725084
67,Sample_S19S_0023_Wat,401.0878209
6,Sample_S19S_0023_Wat,401.0910681
59,Sample_S19S_0023_Wat,401.1089631
4,Sample_S19S_0023_Wat,401.1273966
64,Sample_S19S_0023_Wat,401.1453284
13,Sample_S19S_0023_Wat,401.1736033
16,Sample_S19S_0023_Wat,401.1816514
1,Sample_S19S_0023_Wat,401.200282
30,Sample_S19S_0023_Wat,402.0466811
17,Sample_S19S_0023_Wat,402.0831391
4,Sample_S19S_0023_Wat,402.1042761
9,Sample_S19S_0023_Wat,402.1195259
32,Sample_S19S_0023_Wat,402.1405573
11,Sample_S19S_0023_Wat,403.0305846
4,Sample_S19S_0023_Wat,403.033958
6,Sample_S19S_0023_Wat,403.0437271
18,Sample_S19S_0023_Wat,403.0517845
75,Sample_S19S_0023_Wat,403.0671122
12,Sample_S19S_0023_Wat,403.0704072
57,Sample_S19S_0023_Wat,403.0881974
65,Sample_S19S_0023_Wat,403.1034476
1,Sample_S19S_0023_Wat,403.1066431
13,Sample_S19S_0023_Wat,403.1164656
19,Sample_S19S_0023_Wat,403.1245163
80,Sample_S19S_0023_Wat,403.1398463
15,Sample_S19S_0023_Wat,403.1529106
22,Sample_S19S_0023_Wat,403.1609357
29,Sample_S19S_0023_Wat,403.1762826
15,Sample_S19S_0023_Wat,404.025924
76,Sample_S19S_0023_Wat,404.0623618
75,Sample_S19S_0023_Wat,404.1351085
11,Sample_S19S_0023_Wat,405.0098791
65,Sample_S19S_0023_Wat,405.0463718
10,Sample_S19S_0023_Wat,405.0496661
30,Sample_S19S_0023_Wat,405.0674473
50,Sample_S19S_0023_Wat,405.0827082
3,Sample_S19S_0023_Wat,405.0859264
5,Sample_S19S_0023_Wat,405.103722
29,Sample_S19S_0023_Wat,405.1190623
20,Sample_S19S_0023_Wat,405.1321292
8,Sample_S19S_0023_Wat,405.1401404
50,Sample_S19S_0023_Wat,405.1555362
15,Sample_S19S_0023_Wat,405.1685606
38,Sample_S19S_0023_Wat,405.1918632
22,Sample_S19S_0023_Wat,406.041642
80,Sample_S19S_0023_Wat,406.1143545
26,Sample_S19S_0023_Wat,407.0255705
64,Sample_S19S_0023_Wat,407.0620299
7,Sample_S19S_0023_Wat,407.0652661
95,Sample_S19S_0023_Wat,407.0983755
78,Sample_S19S_0023_Wat,407.1347505
15,Sample_S19S_0023_Wat,407.1477958
9,Sample_S19S_0023_Wat,407.1712237
16,Sample_S19S_0023_Wat,407.2075913
78,Sample_S19S_0023_Wat,408.0936661
87,Sample_S19S_0023_Wat,408.1300077
5,Sample_S19S_0023_Wat,409.0234633
30,Sample_S19S_0023_Wat,409.0412228
26,Sample_S19S_0023_Wat,409.07757
17,Sample_S19S_0023_Wat,409.0889394
91,Sample_S19S_0023_Wat,409.1140221
93,Sample_S19S_0023_Wat,409.1504235
16,Sample_S19S_0023_Wat,409.1867344
30,Sample_S19S_0023_Wat,410.0365413
67,Sample_S19S_0023_Wat,410.0729191
19,Sample_S19S_0023_Wat,410.1092388
65,Sample_S19S_0023_Wat,410.1456867
30,Sample_S19S_0023_Wat,411.0205049
6,Sample_S19S_0023_Wat,411.0357156
7,Sample_S19S_0023_Wat,411.0390774
21,Sample_S19S_0023_Wat,411.0568579
20,Sample_S19S_0023_Wat,411.0721337
74,Sample_S19S_0023_Wat,411.0933142
87,Sample_S19S_0023_Wat,411.1296933
20,Sample_S19S_0023_Wat,411.1579879
48,Sample_S19S_0023_Wat,411.1660419
24,Sample_S19S_0023_Wat,412.0521769
42,Sample_S19S_0023_Wat,412.0885256
60,Sample_S19S_0023_Wat,412.1249118
15,Sample_S19S_0023_Wat,413.0150329
10,Sample_S19S_0023_Wat,413.018396
30,Sample_S19S_0023_Wat,413.0361429
3,Sample_S19S_0023_Wat,413.0513424
5,Sample_S19S_0023_Wat,413.0546664
9,Sample_S19S_0023_Wat,413.072442
77,Sample_S19S_0023_Wat,413.1089345
55,Sample_S19S_0023_Wat,413.12421
9,Sample_S19S_0023_Wat,413.1372735
21,Sample_S19S_0023_Wat,413.1452768
13,Sample_S19S_0023_Wat,413.1736056
11,Sample_S19S_0023_Wat,413.1816156
22,Sample_S19S_0023_Wat,414.0831299
21,Sample_S19S_0023_Wat,415.0306688
20,Sample_S19S_0023_Wat,415.0340778
24,Sample_S19S_0023_Wat,415.0518724
5,Sample_S19S_0023_Wat,415.0671726
4,Sample_S19S_0023_Wat,415.080159
60,Sample_S19S_0023_Wat,415.0881916
58,Sample_S19S_0023_Wat,415.1034568
4,Sample_S19S_0023_Wat,415.1066895
12,Sample_S19S_0023_Wat,415.1164835
30,Sample_S19S_0023_Wat,415.1245406
3,Sample_S19S_0023_Wat,415.1430564
9,Sample_S19S_0023_Wat,415.1529316
53,Sample_S19S_0023_Wat,415.1609859
7,Sample_S19S_0023_Wat,415.1763155
11,Sample_S19S_0023_Wat,415.1795937
24,Sample_S19S_0023_Wat,415.1973464
18,Sample_S19S_0023_Wat,416.0259342
35,Sample_S19S_0023_Wat,416.0623295
6,Sample_S19S_0023_Wat,416.0986591
66,Sample_S19S_0023_Wat,416.1351142
40,Sample_S19S_0023_Wat,417.0463346
12,Sample_S19S_0023_Wat,417.0496555
7,Sample_S19S_0023_Wat,417.0593749
19,Sample_S19S_0023_Wat,417.0674105
25,Sample_S19S_0023_Wat,417.0826722
7,Sample_S19S_0023_Wat,417.085967
9,Sample_S19S_0023_Wat,417.0957124
20,Sample_S19S_0023_Wat,417.1037889
78,Sample_S19S_0023_Wat,417.1191101
2,Sample_S19S_0023_Wat,417.1223013
27,Sample_S19S_0023_Wat,417.1321667
38,Sample_S19S_0023_Wat,417.1402188
64,Sample_S19S_0023_Wat,417.1555165
25,Sample_S19S_0023_Wat,417.1685514
13,Sample_S19S_0023_Wat,417.1765666
2,Sample_S19S_0023_Wat,417.2048604
16,Sample_S19S_0023_Wat,418.0416648
55,Sample_S19S_0023_Wat,418.0779721
20,Sample_S19S_0023_Wat,418.1144292
1,Sample_S19S_0023_Wat,418.1508546
35,Sample_S19S_0023_Wat,419.0256123
41,Sample_S19S_0023_Wat,419.0619721
7,Sample_S19S_0023_Wat,419.0652534
8,Sample_S19S_0023_Wat,419.0829959
13,Sample_S19S_0023_Wat,419.0982983
4,Sample_S19S_0023_Wat,419.1113471
7,Sample_S19S_0023_Wat,419.1194106
88,Sample_S19S_0023_Wat,419.1347745
12,Sample_S19S_0023_Wat,419.1478319
39,Sample_S19S_0023_Wat,419.1711927
16,Sample_S19S_0023_Wat,419.1842051
38,Sample_S19S_0023_Wat,419.207525
51,Sample_S19S_0023_Wat,420.0572817
43,Sample_S19S_0023_Wat,421.0412704
20,Sample_S19S_0023_Wat,421.0777047
105,Sample_S19S_0023_Wat,421.1140346
9,Sample_S19S_0023_Wat,421.1270174
84,Sample_S19S_0023_Wat,421.1504292
1,Sample_S19S_0023_Wat,421.1552081
17,Sample_S19S_0023_Wat,421.1634511
19,Sample_S19S_0023_Wat,421.1868654
3,Sample_S19S_0023_Wat,421.2232692
2,Sample_S19S_0023_Wat,421.2265386
6,Sample_S19S_0023_Wat,422.0364426
60,Sample_S19S_0023_Wat,422.0728802
32,Sample_S19S_0023_Wat,422.1093338
19,Sample_S19S_0023_Wat,423.0205894
59,Sample_S19S_0023_Wat,423.0569089
3,Sample_S19S_0023_Wat,423.0682304
27,Sample_S19S_0023_Wat,423.093231
8,Sample_S19S_0023_Wat,423.1046157
108,Sample_S19S_0023_Wat,423.1296813
28,Sample_S19S_0023_Wat,423.1661225
13,Sample_S19S_0023_Wat,423.179095
41,Sample_S19S_0023_Wat,423.2024382
15,Sample_S19S_0023_Wat,424.0522173
2,Sample_S19S_0023_Wat,424.0886497
43,Sample_S19S_0023_Wat,424.1249783
44,Sample_S19S_0023_Wat,425.0361852
6,Sample_S19S_0023_Wat,425.0513214
3,Sample_S19S_0023_Wat,425.054654
16,Sample_S19S_0023_Wat,425.0724714
15,Sample_S19S_0023_Wat,425.0838582
50,Sample_S19S_0023_Wat,425.1089252
1,Sample_S19S_0023_Wat,425.120287
15,Sample_S19S_0023_Wat,425.1453873
43,Sample_S19S_0023_Wat,425.1816982
68,Sample_S19S_0023_Wat,426.1405881
12,Sample_S19S_0023_Wat,427.0307487
21,Sample_S19S_0023_Wat,427.0518808
8,Sample_S19S_0023_Wat,427.0669702
4,Sample_S19S_0023_Wat,427.0801714
43,Sample_S19S_0023_Wat,427.088175
9,Sample_S19S_0023_Wat,427.1165345
73,Sample_S19S_0023_Wat,427.1245871
4,Sample_S19S_0023_Wat,427.1399769
4,Sample_S19S_0023_Wat,427.1610597
31,Sample_S19S_0023_Wat,427.1973395
24,Sample_S19S_0023_Wat,428.0470647
16,Sample_S19S_0023_Wat,428.0622933
51,Sample_S19S_0023_Wat,428.0987544
31,Sample_S19S_0023_Wat,428.1562791
12,Sample_S19S_0023_Wat,429.0099567
9,Sample_S19S_0023_Wat,429.0132649
26,Sample_S19S_0023_Wat,429.0310878
10,Sample_S19S_0023_Wat,429.0496556
46,Sample_S19S_0023_Wat,429.067488
2,Sample_S19S_0023_Wat,429.0829209
15,Sample_S19S_0023_Wat,429.0861392
8,Sample_S19S_0023_Wat,429.1039457
4,Sample_S19S_0023_Wat,429.1192381
62,Sample_S19S_0023_Wat,429.1402424
19,Sample_S19S_0023_Wat,429.1555582
21,Sample_S19S_0023_Wat,429.1685491
20,Sample_S19S_0023_Wat,429.1765924
35,Sample_S19S_0023_Wat,429.1919036
24,Sample_S19S_0023_Wat,429.2129876
23,Sample_S19S_0023_Wat,430.0627483
13,Sample_S19S_0023_Wat,430.0780537
33,Sample_S19S_0023_Wat,430.0991542
72,Sample_S19S_0023_Wat,430.1143962
49,Sample_S19S_0023_Wat,430.1354817
21,Sample_S19S_0023_Wat,431.0256563
2,Sample_S19S_0023_Wat,431.0288791
10,Sample_S19S_0023_Wat,431.04681
12,Sample_S19S_0023_Wat,431.0653523
47,Sample_S19S_0023_Wat,431.083125
71,Sample_S19S_0023_Wat,431.098388
7,Sample_S19S_0023_Wat,431.1016424
11,Sample_S19S_0023_Wat,431.1113826
27,Sample_S19S_0023_Wat,431.1194411
30,Sample_S19S_0023_Wat,431.1347291
19,Sample_S19S_0023_Wat,431.1477957
20,Sample_S19S_0023_Wat,431.1558407
33,Sample_S19S_0023_Wat,431.1711879
9,Sample_S19S_0023_Wat,432.020878
25,Sample_S19S_0023_Wat,432.078404
88,Sample_S19S_0023_Wat,432.093661
77,Sample_S19S_0023_Wat,432.1300404
1,Sample_S19S_0023_Wat,432.1665051
43,Sample_S19S_0023_Wat,433.0412948
1,Sample_S19S_0023_Wat,433.0543356
25,Sample_S19S_0023_Wat,433.0624271
72,Sample_S19S_0023_Wat,433.077665
5,Sample_S19S_0023_Wat,433.0809249
10,Sample_S19S_0023_Wat,433.0906617
13,Sample_S19S_0023_Wat,433.0986887
24,Sample_S19S_0023_Wat,433.1139658
2,Sample_S19S_0023_Wat,433.1269982
3,Sample_S19S_0023_Wat,433.13501
29,Sample_S19S_0023_Wat,433.1503758
19,Sample_S19S_0023_Wat,433.1634586
35,Sample_S19S_0023_Wat,433.1868494
8,Sample_S19S_0023_Wat,433.1998888
27,Sample_S19S_0023_Wat,433.223189
12,Sample_S19S_0023_Wat,434.072975
20,Sample_S19S_0023_Wat,434.1093421
10,Sample_S19S_0023_Wat,435.0204588
44,Sample_S19S_0023_Wat,435.0569041
69,Sample_S19S_0023_Wat,435.093324
29,Sample_S19S_0023_Wat,435.1296329
3,Sample_S19S_0023_Wat,435.1426364
26,Sample_S19S_0023_Wat,435.1659973
47,Sample_S19S_0023_Wat,435.2024665
24,Sample_S19S_0023_Wat,436.0521427
28,Sample_S19S_0023_Wat,436.0886111
6,Sample_S19S_0023_Wat,436.1250197
2,Sample_S19S_0023_Wat,437.0184928
35,Sample_S19S_0023_Wat,437.0361523
25,Sample_S19S_0023_Wat,437.072483
16,Sample_S19S_0023_Wat,437.0837898
25,Sample_S19S_0023_Wat,437.1088959
14,Sample_S19S_0023_Wat,437.120251
61,Sample_S19S_0023_Wat,437.1453651
13,Sample_S19S_0023_Wat,437.158378
48,Sample_S19S_0023_Wat,437.1817485
10,Sample_S19S_0023_Wat,437.2180272
12,Sample_S19S_0023_Wat,438.031465
20,Sample_S19S_0023_Wat,438.0678822
75,Sample_S19S_0023_Wat,438.1405683
15,Sample_S19S_0023_Wat,439.051737
72,Sample_S19S_0023_Wat,439.0882098
83,Sample_S19S_0023_Wat,439.1246064
47,Sample_S19S_0023_Wat,439.1358561
32,Sample_S19S_0023_Wat,439.1609425
18,Sample_S19S_0023_Wat,439.1973056
44,Sample_S19S_0023_Wat,440.0834468
34,Sample_S19S_0023_Wat,440.1198163
16,Sample_S19S_0023_Wat,441.0310268
5,Sample_S19S_0023_Wat,441.0495906
34,Sample_S19S_0023_Wat,441.0674409
33,Sample_S19S_0023_Wat,441.0827166
36,Sample_S19S_0023_Wat,441.1039049
11,Sample_S19S_0023_Wat,441.1191742
54,Sample_S19S_0023_Wat,441.1402285
12,Sample_S19S_0023_Wat,441.168514
24,Sample_S19S_0023_Wat,441.1765589
9,Sample_S19S_0023_Wat,441.2129575
13,Sample_S19S_0023_Wat,442.0779366
12,Sample_S19S_0023_Wat,442.0990637
18,Sample_S19S_0023_Wat,443.0466588
13,Sample_S19S_0023_Wat,443.061884
3,Sample_S19S_0023_Wat,443.0652174
32,Sample_S19S_0023_Wat,443.0830557
37,Sample_S19S_0023_Wat,443.0984287
4,Sample_S19S_0023_Wat,443.1016577
10,Sample_S19S_0023_Wat,443.1114516
64,Sample_S19S_0023_Wat,443.119518
1,Sample_S19S_0023_Wat,443.1348538
5,Sample_S19S_0023_Wat,443.1380667
13,Sample_S19S_0023_Wat,443.1478565
52,Sample_S19S_0023_Wat,443.1558944
25,Sample_S19S_0023_Wat,443.1711201
16,Sample_S19S_0023_Wat,443.1922057
51,Sample_S19S_0023_Wat,444.0572726
22,Sample_S19S_0023_Wat,444.093696
35,Sample_S19S_0023_Wat,445.0412697
37,Sample_S19S_0023_Wat,445.0623769
38,Sample_S19S_0023_Wat,445.0776178
14,Sample_S19S_0023_Wat,445.0986624
2,Sample_S19S_0023_Wat,445.1083593
15,Sample_S19S_0023_Wat,445.1139537
10,Sample_S19S_0023_Wat,445.127011
9,Sample_S19S_0023_Wat,445.1350548
34,Sample_S19S_0023_Wat,445.1503907
22,Sample_S19S_0023_Wat,445.1634705
42,Sample_S19S_0023_Wat,445.1715289
39,Sample_S19S_0023_Wat,445.1868428
20,Sample_S19S_0023_Wat,445.2079177
31,Sample_S19S_0023_Wat,445.223207
17,Sample_S19S_0023_Wat,446.0364887
22,Sample_S19S_0023_Wat,446.0728598
2,Sample_S19S_0023_Wat,446.0939418
52,Sample_S19S_0023_Wat,446.1092739
31,Sample_S19S_0023_Wat,446.1457127
7,Sample_S19S_0023_Wat,447.056785
5,Sample_S19S_0023_Wat,447.0779114
14,Sample_S19S_0023_Wat,447.09323
77,Sample_S19S_0023_Wat,447.1297048
71,Sample_S19S_0023_Wat,447.1660641
17,Sample_S19S_0023_Wat,447.179104
15,Sample_S19S_0023_Wat,447.2023724
6,Sample_S19S_0023_Wat,448.0520882
72,Sample_S19S_0023_Wat,448.088573
23,Sample_S19S_0023_Wat,448.1096972
12,Sample_S19S_0023_Wat,449.0360637
22,Sample_S19S_0023_Wat,449.0724952
91,Sample_S19S_0023_Wat,449.1089599
15,Sample_S19S_0023_Wat,449.1219859
77,Sample_S19S_0023_Wat,449.1453221
13,Sample_S19S_0023_Wat,449.1583358
24,Sample_S19S_0023_Wat,449.1816462
2,Sample_S19S_0023_Wat,449.1946593
12,Sample_S19S_0023_Wat,449.2180299
8,Sample_S19S_0023_Wat,451.0153576
13,Sample_S19S_0023_Wat,451.0517204
35,Sample_S19S_0023_Wat,451.0881744
23,Sample_S19S_0023_Wat,451.0994605
61,Sample_S19S_0023_Wat,451.124616
35,Sample_S19S_0023_Wat,451.1609528
6,Sample_S19S_0023_Wat,451.1972791
12,Sample_S19S_0023_Wat,451.2336787
43,Sample_S19S_0023_Wat,452.0834394
19,Sample_S19S_0023_Wat,452.1199139
23,Sample_S19S_0023_Wat,453.0310814
6,Sample_S19S_0023_Wat,453.0462824
22,Sample_S19S_0023_Wat,453.0673983
15,Sample_S19S_0023_Wat,453.1037558
40,Sample_S19S_0023_Wat,453.140211
1,Sample_S19S_0023_Wat,453.1686448
62,Sample_S19S_0023_Wat,453.1766436
35,Sample_S19S_0023_Wat,454.0627542
8,Sample_S19S_0023_Wat,455.025566
39,Sample_S19S_0023_Wat,455.0467468
46,Sample_S19S_0023_Wat,455.0831528
9,Sample_S19S_0023_Wat,455.111472
34,Sample_S19S_0023_Wat,455.1194736
13,Sample_S19S_0023_Wat,455.1558023
7,Sample_S19S_0023_Wat,455.1841535
10,Sample_S19S_0023_Wat,455.1921775
30,Sample_S19S_0023_Wat,457.0412916
35,Sample_S19S_0023_Wat,457.0624071
18,Sample_S19S_0023_Wat,457.0776174
7,Sample_S19S_0023_Wat,457.0906483
16,Sample_S19S_0023_Wat,457.0986905
22,Sample_S19S_0023_Wat,457.1139922
5,Sample_S19S_0023_Wat,457.1172314
7,Sample_S19S_0023_Wat,457.1270095
16,Sample_S19S_0023_Wat,457.1350642
16,Sample_S19S_0023_Wat,457.150377
15,Sample_S19S_0023_Wat,457.1634444
26,Sample_S19S_0023_Wat,457.1715231
11,Sample_S19S_0023_Wat,457.1998933
31,Sample_S19S_0023_Wat,457.2079257
38,Sample_S19S_0023_Wat,458.0729028
18,Sample_S19S_0023_Wat,459.0205561
22,Sample_S19S_0023_Wat,459.0416602
22,Sample_S19S_0023_Wat,459.0568713
6,Sample_S19S_0023_Wat,459.069913
19,Sample_S19S_0023_Wat,459.0779746
16,Sample_S19S_0023_Wat,459.0932353
9,Sample_S19S_0023_Wat,459.1062882
24,Sample_S19S_0023_Wat,459.1143457
49,Sample_S19S_0023_Wat,459.1296693
27,Sample_S19S_0023_Wat,459.142719
34,Sample_S19S_0023_Wat,459.1508169
37,Sample_S19S_0023_Wat,459.1661042
32,Sample_S19S_0023_Wat,459.1872169
19,Sample_S19S_0023_Wat,459.2025048
4,Sample_S19S_0023_Wat,460.0521036
51,Sample_S19S_0023_Wat,460.1249704
27,Sample_S19S_0023_Wat,461.036196
24,Sample_S19S_0023_Wat,461.0572822
24,Sample_S19S_0023_Wat,461.0725007
6,Sample_S19S_0023_Wat,461.0855391
8,Sample_S19S_0023_Wat,461.0935699
12,Sample_S19S_0023_Wat,461.1088271
3,Sample_S19S_0023_Wat,461.1218899
10,Sample_S19S_0023_Wat,461.1299458
1,Sample_S19S_0023_Wat,461.1396751
20,Sample_S19S_0023_Wat,461.1452647
13,Sample_S19S_0023_Wat,461.1583343
36,Sample_S19S_0023_Wat,461.1817537
11,Sample_S19S_0023_Wat,461.1948089
25,Sample_S19S_0023_Wat,461.218132
34,Sample_S19S_0023_Wat,462.067799
20,Sample_S19S_0023_Wat,462.1042629
58,Sample_S19S_0023_Wat,462.1769684
9,Sample_S19S_0023_Wat,463.015396
45,Sample_S19S_0023_Wat,463.0518315
41,Sample_S19S_0023_Wat,463.0881954
2,Sample_S19S_0023_Wat,463.1189274
15,Sample_S19S_0023_Wat,463.124491
6,Sample_S19S_0023_Wat,463.1608564
6,Sample_S19S_0023_Wat,463.1739081
19,Sample_S19S_0023_Wat,463.1972938
27,Sample_S19S_0023_Wat,464.1198095
12,Sample_S19S_0023_Wat,465.0310055
15,Sample_S19S_0023_Wat,465.06738
35,Sample_S19S_0023_Wat,465.1038259
38,Sample_S19S_0023_Wat,465.115136
57,Sample_S19S_0023_Wat,465.1766182
12,Sample_S19S_0023_Wat,465.2129596
57,Sample_S19S_0023_Wat,466.1355201
1,Sample_S19S_0023_Wat,466.1435867
38,Sample_S19S_0023_Wat,467.0467531
16,Sample_S19S_0023_Wat,467.0620397
55,Sample_S19S_0023_Wat,467.0831629
51,Sample_S19S_0023_Wat,467.1195422
29,Sample_S19S_0023_Wat,467.1558326
9,Sample_S19S_0023_Wat,467.1921933
20,Sample_S19S_0023_Wat,467.2286363
28,Sample_S19S_0023_Wat,468.1147294
12,Sample_S19S_0023_Wat,469.0260039
21,Sample_S19S_0023_Wat,469.0412947
35,Sample_S19S_0023_Wat,469.062394
10,Sample_S19S_0023_Wat,469.0776006
7,Sample_S19S_0023_Wat,469.0906533
22,Sample_S19S_0023_Wat,469.0986993
8,Sample_S19S_0023_Wat,469.1139603
15,Sample_S19S_0023_Wat,469.1350525
7,Sample_S19S_0023_Wat,469.1633964
13,Sample_S19S_0023_Wat,469.199861
19,Sample_S19S_0023_Wat,469.2078959
13,Sample_S19S_0023_Wat,471.0205509
15,Sample_S19S_0023_Wat,471.0416901
34,Sample_S19S_0023_Wat,471.0569384
33,Sample_S19S_0023_Wat,471.0780166
8,Sample_S19S_0023_Wat,471.106291
7,Sample_S19S_0023_Wat,471.1295835
7,Sample_S19S_0023_Wat,471.1426129
13,Sample_S19S_0023_Wat,471.1506882
5,Sample_S19S_0023_Wat,471.16598
20,Sample_S19S_0023_Wat,471.1871307
8,Sample_S19S_0023_Wat,471.2155389
1,Sample_S19S_0023_Wat,472.1247587
15,Sample_S19S_0023_Wat,473.0361823
10,Sample_S19S_0023_Wat,473.0573502
34,Sample_S19S_0023_Wat,473.0726032
33,Sample_S19S_0023_Wat,473.0937108
58,Sample_S19S_0023_Wat,473.1089772
16,Sample_S19S_0023_Wat,473.121993
17,Sample_S19S_0023_Wat,473.1300234
3,Sample_S19S_0023_Wat,473.139667
18,Sample_S19S_0023_Wat,473.1452829
9,Sample_S19S_0023_Wat,473.1582831
14,Sample_S19S_0023_Wat,473.1663521
18,Sample_S19S_0023_Wat,473.1816622
7,Sample_S19S_0023_Wat,473.1946924
25,Sample_S19S_0023_Wat,473.2180738
17,Sample_S19S_0023_Wat,474.0889636
56,Sample_S19S_0023_Wat,474.1405956
11,Sample_S19S_0023_Wat,475.0517049
27,Sample_S19S_0023_Wat,475.0881586
63,Sample_S19S_0023_Wat,475.1245966
63,Sample_S19S_0023_Wat,475.1609843
11,Sample_S19S_0023_Wat,475.1973043
3,Sample_S19S_0023_Wat,475.2336051
8,Sample_S19S_0023_Wat,476.0833408
31,Sample_S19S_0023_Wat,476.1198125
28,Sample_S19S_0023_Wat,477.0311319
42,Sample_S19S_0023_Wat,477.0674882
15,Sample_S19S_0023_Wat,477.1037802
4,Sample_S19S_0023_Wat,477.1401075
15,Sample_S19S_0023_Wat,477.1765167
36,Sample_S19S_0023_Wat,477.2130039
66,Sample_S19S_0023_Wat,478.0991507
4,Sample_S19S_0023_Wat,479.0466033
17,Sample_S19S_0023_Wat,479.0830028
36,Sample_S19S_0023_Wat,479.1194663
66,Sample_S19S_0023_Wat,479.1559168
46,Sample_S19S_0023_Wat,479.1923063
13,Sample_S19S_0023_Wat,479.2286027
7,Sample_S19S_0023_Wat,480.151082
18,Sample_S19S_0023_Wat,481.0623379
52,Sample_S19S_0023_Wat,481.0987747
67,Sample_S19S_0023_Wat,481.1351677
46,Sample_S19S_0023_Wat,481.1715313
13,Sample_S19S_0023_Wat,481.199847
14,Sample_S19S_0023_Wat,481.2078283
6,Sample_S19S_0023_Wat,482.1302914
13,Sample_S19S_0023_Wat,483.0415833
29,Sample_S19S_0023_Wat,483.0780208
2,Sample_S19S_0023_Wat,483.1064043
46,Sample_S19S_0023_Wat,483.1144642
31,Sample_S19S_0023_Wat,483.1508531
11,Sample_S19S_0023_Wat,483.1791639
27,Sample_S19S_0023_Wat,483.1871699
10,Sample_S19S_0023_Wat,483.2154832
8,Sample_S19S_0023_Wat,485.057196
25,Sample_S19S_0023_Wat,485.0936172
39,Sample_S19S_0023_Wat,485.1089501
44,Sample_S19S_0023_Wat,485.1300644
38,Sample_S19S_0023_Wat,485.1664901
39,Sample_S19S_0023_Wat,485.181737
13,Sample_S19S_0023_Wat,485.1948096
4,Sample_S19S_0023_Wat,486.140486
14,Sample_S19S_0023_Wat,487.051792
18,Sample_S19S_0023_Wat,487.072871
9,Sample_S19S_0023_Wat,487.088118
8,Sample_S19S_0023_Wat,487.1011949
9,Sample_S19S_0023_Wat,487.1092152
9,Sample_S19S_0023_Wat,487.1244947
9,Sample_S19S_0023_Wat,487.1375846
13,Sample_S19S_0023_Wat,487.1456408
47,Sample_S19S_0023_Wat,487.1609704
13,Sample_S19S_0023_Wat,487.1740711
25,Sample_S19S_0023_Wat,487.1974177
4,Sample_S19S_0023_Wat,487.2104698
16,Sample_S19S_0023_Wat,487.2337958
9,Sample_S19S_0023_Wat,489.0310445
42,Sample_S19S_0023_Wat,489.067487
24,Sample_S19S_0023_Wat,489.0886429
29,Sample_S19S_0023_Wat,489.1039118
29,Sample_S19S_0023_Wat,489.1249814
26,Sample_S19S_0023_Wat,489.1402055
8,Sample_S19S_0023_Wat,489.1765226
17,Sample_S19S_0023_Wat,490.0990621
12,Sample_S19S_0023_Wat,491.0466906
20,Sample_S19S_0023_Wat,491.0830123
8,Sample_S19S_0023_Wat,491.1193786
20,Sample_S19S_0023_Wat,491.1558203
48,Sample_S19S_0023_Wat,491.1922945
7,Sample_S19S_0023_Wat,491.2053832
6,Sample_S19S_0023_Wat,491.2287423
15,Sample_S19S_0023_Wat,491.2650776
42,Sample_S19S_0023_Wat,492.1147512
11,Sample_S19S_0023_Wat,493.0622921
21,Sample_S19S_0023_Wat,493.098712
70,Sample_S19S_0023_Wat,493.1351653
47,Sample_S19S_0023_Wat,493.1715856
7,Sample_S19S_0023_Wat,493.2442171
12,Sample_S19S_0023_Wat,495.0415683
36,Sample_S19S_0023_Wat,495.0780179
41,Sample_S19S_0023_Wat,495.1144449
5,Sample_S19S_0023_Wat,495.1427989
51,Sample_S19S_0023_Wat,495.1507984
12,Sample_S19S_0023_Wat,495.1791573
1,Sample_S19S_0023_Wat,495.2597197
1,Sample_S19S_0023_Wat,496.1905351
20,Sample_S19S_0023_Wat,497.0572968
12,Sample_S19S_0023_Wat,497.0937782
12,Sample_S19S_0023_Wat,497.1301476
18,Sample_S19S_0023_Wat,497.1947705
12,Sample_S19S_0023_Wat,498.1253978
34,Sample_S19S_0023_Wat,498.1617513
2,Sample_S19S_0023_Wat,498.1698072
5,Sample_S19S_0023_Wat,499.0516924
17,Sample_S19S_0023_Wat,499.0728848
34,Sample_S19S_0023_Wat,499.1093112
47,Sample_S19S_0023_Wat,499.1457371
10,Sample_S19S_0023_Wat,499.1610424
14,Sample_S19S_0023_Wat,499.1740741
10,Sample_S19S_0023_Wat,499.2104255
14,Sample_S19S_0023_Wat,499.2184243
3,Sample_S19S_0023_Wat,501.0310269
9,Sample_S19S_0023_Wat,501.0521674
15,Sample_S19S_0023_Wat,501.0673678
11,Sample_S19S_0023_Wat,501.0885018
8,Sample_S19S_0023_Wat,501.1037301
6,Sample_S19S_0023_Wat,501.1248479
18,Sample_S19S_0023_Wat,501.1401768
19,Sample_S19S_0023_Wat,501.1532967
19,Sample_S19S_0023_Wat,501.1612956
42,Sample_S19S_0023_Wat,501.1766253
25,Sample_S19S_0023_Wat,501.2130646
18,Sample_S19S_0023_Wat,501.2494293
9,Sample_S19S_0023_Wat,503.0468089
1,Sample_S19S_0023_Wat,503.0832459
19,Sample_S19S_0023_Wat,503.1042984
48,Sample_S19S_0023_Wat,503.1195309
20,Sample_S19S_0023_Wat,503.1558462
4,Sample_S19S_0023_Wat,503.1768678
12,Sample_S19S_0023_Wat,503.1921795
11,Sample_S19S_0023_Wat,503.2285615
7,Sample_S19S_0023_Wat,505.0622503
17,Sample_S19S_0023_Wat,505.098662
14,Sample_S19S_0023_Wat,505.1350781
56,Sample_S19S_0023_Wat,505.1715425
23,Sample_S19S_0023_Wat,505.2443315
18,Sample_S19S_0023_Wat,506.0576414
7,Sample_S19S_0023_Wat,506.1303153
6,Sample_S19S_0023_Wat,506.1666811
27,Sample_S19S_0023_Wat,507.0780238
45,Sample_S19S_0023_Wat,507.1144464
55,Sample_S19S_0023_Wat,507.1508255
3,Sample_S19S_0023_Wat,507.179192
3,Sample_S19S_0023_Wat,507.2598181
9,Sample_S19S_0023_Wat,509.0573918
39,Sample_S19S_0023_Wat,509.0937287
43,Sample_S19S_0023_Wat,509.1300451
6,Sample_S19S_0023_Wat,509.2311267
9,Sample_S19S_0023_Wat,510.0888729
32,Sample_S19S_0023_Wat,511.0729714
2,Sample_S19S_0023_Wat,511.1455592
7,Sample_S19S_0023_Wat,511.2103696
8,Sample_S19S_0023_Wat,511.2183807
25,Sample_S19S_0023_Wat,513.0885835
15,Sample_S19S_0023_Wat,513.1248843
4,Sample_S19S_0023_Wat,513.1531789
6,Sample_S19S_0023_Wat,513.1612236
7,Sample_S19S_0023_Wat,513.1895585
2,Sample_S19S_0023_Wat,513.2342715
7,Sample_S19S_0023_Wat,515.0467951
10,Sample_S19S_0023_Wat,515.0679477
34,Sample_S19S_0023_Wat,515.083157
28,Sample_S19S_0023_Wat,515.1042917
18,Sample_S19S_0023_Wat,515.1405768
25,Sample_S19S_0023_Wat,517.0624113
7,Sample_S19S_0023_Wat,517.098859
6,Sample_S19S_0023_Wat,517.1199999
5,Sample_S19S_0023_Wat,517.1352552
8,Sample_S19S_0023_Wat,517.1563614
8,Sample_S19S_0023_Wat,517.171616
40,Sample_S19S_0023_Wat,517.2079237
8,Sample_S19S_0023_Wat,517.2442337
1,Sample_S19S_0023_Wat,517.2804458
21,Sample_S19S_0023_Wat,518.0939924
6,Sample_S19S_0023_Wat,519.041577
8,Sample_S19S_0023_Wat,519.0779454
13,Sample_S19S_0023_Wat,519.1143103
24,Sample_S19S_0023_Wat,519.1507584
51,Sample_S19S_0023_Wat,519.1872205
12,Sample_S19S_0023_Wat,519.2236508
22,Sample_S19S_0023_Wat,521.0573462
31,Sample_S19S_0023_Wat,521.0937324
43,Sample_S19S_0023_Wat,521.1301011
24,Sample_S19S_0023_Wat,521.1663968
7,Sample_S19S_0023_Wat,521.2027235
5,Sample_S19S_0023_Wat,522.0888396
1,Sample_S19S_0023_Wat,522.1251732
1,Sample_S19S_0023_Wat,522.1615064
13,Sample_S19S_0023_Wat,523.0365285
9,Sample_S19S_0023_Wat,523.0728235
5,Sample_S19S_0023_Wat,523.1091901
14,Sample_S19S_0023_Wat,523.1456062
9,Sample_S19S_0023_Wat,523.1739853
22,Sample_S19S_0023_Wat,523.1820717
13,Sample_S19S_0023_Wat,525.0674542
23,Sample_S19S_0023_Wat,525.0885729
33,Sample_S19S_0023_Wat,525.1250197
38,Sample_S19S_0023_Wat,525.1614051
8,Sample_S19S_0023_Wat,525.2340332
12,Sample_S19S_0023_Wat,527.0679337
7,Sample_S19S_0023_Wat,527.1043114
38,Sample_S19S_0023_Wat,527.1406475
24,Sample_S19S_0023_Wat,527.1769645
12,Sample_S19S_0023_Wat,527.2052882
4,Sample_S19S_0023_Wat,527.2132606
26,Sample_S19S_0023_Wat,528.135922
4,Sample_S19S_0023_Wat,529.0836238
10,Sample_S19S_0023_Wat,529.0988481
20,Sample_S19S_0023_Wat,529.119899
33,Sample_S19S_0023_Wat,529.1351825
16,Sample_S19S_0023_Wat,529.1562352
13,Sample_S19S_0023_Wat,529.1714748
13,Sample_S19S_0023_Wat,529.184567
7,Sample_S19S_0023_Wat,529.2078283
4,Sample_S19S_0023_Wat,531.0781475
9,Sample_S19S_0023_Wat,531.0992322
14,Sample_S19S_0023_Wat,531.1144803
27,Sample_S19S_0023_Wat,531.1507766
13,Sample_S19S_0023_Wat,531.1718519
4,Sample_S19S_0023_Wat,531.2598778
13,Sample_S19S_0023_Wat,532.0733598
22,Sample_S19S_0023_Wat,532.1097212
5,Sample_S19S_0023_Wat,533.0574115
13,Sample_S19S_0023_Wat,533.0937827
22,Sample_S19S_0023_Wat,533.1301236
1,Sample_S19S_0023_Wat,533.1437046
47,Sample_S19S_0023_Wat,533.166456
11,Sample_S19S_0023_Wat,533.2027587
3,Sample_S19S_0023_Wat,533.2390944
15,Sample_S19S_0023_Wat,535.0730261
9,Sample_S19S_0023_Wat,535.1094222
6,Sample_S19S_0023_Wat,535.1458132
16,Sample_S19S_0023_Wat,535.1821751
8,Sample_S19S_0023_Wat,535.2547783
3,Sample_S19S_0023_Wat,537.0520931
15,Sample_S19S_0023_Wat,537.0884904
29,Sample_S19S_0023_Wat,537.1249315
42,Sample_S19S_0023_Wat,537.161382
4,Sample_S19S_0023_Wat,537.1897464
14,Sample_S19S_0023_Wat,537.1978101
9,Sample_S19S_0023_Wat,537.2342192
18,Sample_S19S_0023_Wat,539.0679143
19,Sample_S19S_0023_Wat,539.1042196
27,Sample_S19S_0023_Wat,539.1405618
5,Sample_S19S_0023_Wat,539.1768779
2,Sample_S19S_0023_Wat,539.2132409
2,Sample_S19S_0023_Wat,539.2496267
20,Sample_S19S_0023_Wat,540.0995053
15,Sample_S19S_0023_Wat,541.0623672
22,Sample_S19S_0023_Wat,541.0834882
24,Sample_S19S_0023_Wat,541.1199147
12,Sample_S19S_0023_Wat,541.1563515
5,Sample_S19S_0023_Wat,541.1927684
1,Sample_S19S_0023_Wat,542.1149329
16,Sample_S19S_0023_Wat,543.1355017
8,Sample_S19S_0023_Wat,543.1638009
12,Sample_S19S_0023_Wat,543.1718262
7,Sample_S19S_0023_Wat,543.2001267
1,Sample_S19S_0023_Wat,543.236535
6,Sample_S19S_0023_Wat,545.0935509
13,Sample_S19S_0023_Wat,545.1299664
26,Sample_S19S_0023_Wat,545.1664409
25,Sample_S19S_0023_Wat,545.2028931
9,Sample_S19S_0023_Wat,545.2159419
13,Sample_S19S_0023_Wat,547.0729547
4,Sample_S19S_0023_Wat,547.1822164
13,Sample_S19S_0023_Wat,547.2185618
18,Sample_S19S_0023_Wat,547.2548518
8,Sample_S19S_0023_Wat,549.0887119
10,Sample_S19S_0023_Wat,549.1250923
11,Sample_S19S_0023_Wat,549.1614413
8,Sample_S19S_0023_Wat,549.2340464
15,Sample_S19S_0023_Wat,550.1201251
5,Sample_S19S_0023_Wat,551.0679996
25,Sample_S19S_0023_Wat,551.140683
21,Sample_S19S_0023_Wat,551.1769906
3,Sample_S19S_0023_Wat,551.2496307
3,Sample_S19S_0023_Wat,553.0836572
13,Sample_S19S_0023_Wat,553.1199748
46,Sample_S19S_0023_Wat,553.1562956
18,Sample_S19S_0023_Wat,553.1925971
1,Sample_S19S_0023_Wat,554.1149237
2,Sample_S19S_0023_Wat,555.0993123
12,Sample_S19S_0023_Wat,555.1720029
4,Sample_S19S_0023_Wat,555.2365023
19,Sample_S19S_0023_Wat,557.0937315
10,Sample_S19S_0023_Wat,557.1149049
9,Sample_S19S_0023_Wat,559.1951961
2,Sample_S19S_0023_Wat,559.2189621
14,Sample_S19S_0023_Wat,561.0885432
4,Sample_S19S_0023_Wat,561.1248442
3,Sample_S19S_0023_Wat,561.1611805
1,Sample_S19S_0023_Wat,561.1975534
3,Sample_S19S_0023_Wat,561.2339983
22,Sample_S19S_0023_Wat,562.1202083
5,Sample_S19S_0023_Wat,563.140767
3,Sample_S19S_0023_Wat,563.1771352
14,Sample_S19S_0023_Wat,563.2497644
2,Sample_S19S_0023_Wat,565.1561141
10,Sample_S19S_0023_Wat,567.0628477
8,Sample_S19S_0023_Wat,567.0992538
6,Sample_S19S_0023_Wat,567.1356587
12,Sample_S19S_0023_Wat,567.2083955
14,Sample_S19S_0023_Wat,569.1147778
1,Sample_S19S_0023_Wat,569.2157305
18,Sample_S19S_0023_Wat,571.1303995
14,Sample_S19S_0023_Wat,571.2032768
18,Sample_S19S_0023_Wat,573.0886509
1,Sample_S19S_0023_Wat,573.1826266
4,Sample_S19S_0023_Wat,573.1978706
3,Sample_S19S_0023_Wat,573.2342462
5,Sample_S19S_0023_Wat,575.1043617
1,Sample_S19S_0023_Wat,577.0472834
35,Sample_S19S_0023_Wat,577.1563035
19,Sample_S19S_0023_Wat,577.1926143
3,Sample_S19S_0023_Wat,577.228924
26,Sample_S19S_0023_Wat,579.1355972
17,Sample_S19S_0023_Wat,579.2082488
14,Sample_S19S_0023_Wat,581.1148894
21,Sample_S19S_0023_Wat,581.1875335
12,Sample_S19S_0023_Wat,581.2238624
2,Sample_S19S_0023_Wat,583.094266
3,Sample_S19S_0023_Wat,583.1306046
16,Sample_S19S_0023_Wat,583.2032587
5,Sample_S19S_0023_Wat,585.1615059
4,Sample_S19S_0023_Wat,585.197889
3,Sample_S19S_0023_Wat,585.2190128
3,Sample_S19S_0023_Wat,587.06769
1,Sample_S19S_0023_Wat,587.1542697
4,Sample_S19S_0023_Wat,589.119725
1,Sample_S19S_0023_Wat,591.0993225
4,Sample_S19S_0023_Wat,591.135742
12,Sample_S19S_0023_Wat,591.2446301
2,Sample_S19S_0023_Wat,593.078251
1,Sample_S19S_0023_Wat,593.1146582
5,Sample_S19S_0023_Wat,593.1511079
22,Sample_S19S_0023_Wat,597.1824999
3,Sample_S19S_0023_Wat,601.0833482
20,Sample_S19S_0023_Wat,603.1719444
2,Sample_S19S_0023_Wat,605.1513953
7,Sample_S19S_0023_Wat,605.1877226
5,Sample_S19S_0023_Wat,605.2240726
12,Sample_S19S_0023_Wat,607.094164
2,Sample_S19S_0023_Wat,607.2030678
3,Sample_S19S_0023_Wat,609.1459321
2,Sample_S19S_0023_Wat,619.1666544
13,Sample_S19S_0023_Wat,621.218773
2,Sample_S19S_0023_Wat,623.1255649
2,Sample_S19S_0023_Wat,623.1983716
1,Sample_S19S_0023_Wat,623.2347542
10,Sample_S19S_0023_Wat,631.2031269
4,Sample_S19S_0023_Wat,633.1459928
5,Sample_S19S_0023_Wat,635.1982777
11,Sample_S19S_0023_Wat,639.2658543
22,Sample_S19S_0023_Wat,645.2188901
4,Sample_S19S_0023_Wat,659.1618432
7,Sample_S19S_0023_Wat,663.1202883
1,Sample_S19S_0023_Wat,679.2241398
7,Sample_S19S_0023_Wat,707.2191982
